receipt_id,supplier_id,warehouse_name,inbnd_duration_min,started_at,sku_cnt,category_level4_cnt,start_hour,start_week,start_weekday,start_hour_sin,start_hour_cos,start_week_sin,start_week_cos,start_weekday_sin,start_weekday_cos,predicted_time,actual_time,error
1003892681,fe37e020-bf16-11ed-ae77-08c0eb320147,РЦ СБЛ СМР,1.05345718333333,2025-09-12 10:02:36.007,1440.0,1,10,37,5,0.49999999999999994,-0.8660254037844387,0.974927912181824,-0.22252093395631314,0.5680647467311558,0.8229838658936564,5.23474126333228,1.05345718333333,4.18128407999895
1003863942,718f5685-c732-11ed-ae77-08c0eb320147,РЦ СБЛ НСК,49.5550682,2025-09-05 05:17:46.026,10180.0,1,5,36,5,0.9659258262890683,0.25881904510252074,0.781831482468029,0.6234898018587345,0.5680647467311558,0.8229838658936564,8.20989345644266,49.55506820000001,-41.34517474355735
1003742995,875bbabf-ba1c-11eb-85ab-1c34dae33151,РЦ СБЛ НН,13.835905,2025-06-26 09:20:50.807,2970.0,3,9,26,4,0.7071067811865476,-0.7071067811865475,-0.9749279121818242,-0.22252093395631184,0.4647231720437685,0.8854560256532099,14.306046379031821,13.835904999999999,0.47014137903182274
1003895100,a122042b-f9c7-11ea-8599-1c34dae33151,РЦ СБЛ КНД-3,7.00872603333333,2025-09-12 11:56:07.331,4720.0,2,11,37,5,0.258819045102521,-0.9659258262890682,0.974927912181824,-0.22252093395631314,0.5680647467311558,0.8229838658936564,15.946075663904661,7.008726033333332,8.93734963057133
1003707588,8ba7807f-e13f-11ea-8599-1c34dae33151,РЦ СБЛ ВЛГ-2 WMS,1.97058686666667,2025-06-10 09:57:12.783,600.0,1,9,24,2,0.7071067811865476,-0.7071067811865475,0.4338837391175589,-0.9009688679024188,0.23931566428755774,0.970941817426052,3.2302305842889885,1.9705868666666702,1.2596437176223183
1003713502,7fbebc6d-3f7a-11ef-ae7a-08c0eb320147,РЦ СБЛ КСК,15.73783475,2025-06-09 03:33:55.328,804.0,1,3,24,1,0.7071067811865475,0.7071067811865476,0.4338837391175589,-0.9009688679024188,0.12053668025532305,0.992708874098054,3.9093665101970014,15.737834750000003,-11.828468239803001
1003716816,e0126b4f-d4f1-11eb-85ac-1c34dae33151,РЦ СБЛ НН,12.6486626833333,2025-06-14 11:15:31.318,612.0,2,11,24,6,0.258819045102521,-0.9659258262890682,0.4338837391175589,-0.9009688679024188,0.6631226582407952,0.7485107481711011,4.4372780925054816,12.6486626833333,-8.211384590827818
1003839869,dd0df3c5-e7cb-11ec-ae71-08c0eb320147,РЦ СБЛ ВЛГ-2 WMS,24.6184746,2025-08-15 12:15:41.720,6192.0,3,12,33,5,1.2246467991473532e-16,-1.0,-0.9749279121818234,-0.22252093395631553,0.5680647467311558,0.8229838658936564,22.10231427743754,24.6184746,-2.5161603225624596
1003863323,718f5685-c732-11ed-ae77-08c0eb320147,РЦ СБЛ ВЛГ-2 WMS,8.1047863,2025-08-31 05:57:58.504,1920.0,1,5,35,0,0.9659258262890683,0.25881904510252074,-1.2246467991473533e-15,1.0,0.0,1.0,5.649270164095898,8.104786299999999,-2.4555161359041007
1003637872,b816da60-c690-11ea-b7de-0050560306e1,РЦ СБЛ ВЛГ-2 WMS,4.08957756666667,2025-05-09 07:48:53.695,1440.0,2,7,19,5,0.9659258262890683,-0.25881904510252063,-0.9749279121818235,-0.22252093395631506,0.5680647467311558,0.8229838658936564,5.012903177071545,4.089577566666669,0.9233256104048753
1003858275,141f3c79-76a9-11eb-85a3-1c34dae33151,РЦ СБЛ УФА-2,2.73278925,2025-08-31 05:47:10.332,168.0,2,5,35,0,0.9659258262890683,0.25881904510252074,-1.2246467991473533e-15,1.0,0.0,1.0,3.5389771365382763,2.73278925,0.8061878865382761
1003840303,a478fb2c-733c-11ea-bca4-0050560306e1,РЦ СБЛ НСК,8.42234706666667,2025-08-25 06:26:12.790,3936.0,1,6,35,1,1.0,6.123233995736766e-17,-1.2246467991473533e-15,1.0,0.12053668025532305,0.992708874098054,13.268156605287695,8.42234706666667,4.845809538621024
1003757791,a478fb2c-733c-11ea-bca4-0050560306e1,РЦ СБЛ КСК,4.53411505,2025-07-17 06:22:23.643,1860.0,1,6,29,4,1.0,6.123233995736766e-17,0.7818314824680291,0.6234898018587344,0.4647231720437685,0.8854560256532099,5.274459497023169,4.53411505,0.740344447023169
1003874715,1c8d2a76-0139-11ef-b10b-08c0eb31fffb,РЦ СБЛ ВРЖ Нечаевка,4.4437577,2025-09-05 10:44:59.789,1764.0,2,10,36,5,0.49999999999999994,-0.8660254037844387,0.781831482468029,0.6234898018587345,0.5680647467311558,0.8229838658936564,5.818908880425406,4.4437577,1.375151180425406
1003603445,c7da00ce-3602-11ee-885f-08c0eb32014b,РЦ СБЛ ВЛГ-2 WMS,1.41799801666667,2025-04-13 08:12:16.374,72.0,1,8,15,0,0.8660254037844387,-0.49999999999999983,0.7818314824680284,0.6234898018587354,0.0,1.0,2.368731189158159,1.41799801666667,0.9507331724914889
1003878379,8d590545-fff9-11eb-a0ee-ec0d9a21b021,РЦ СБЛ ВЛГ-2 WMS,10.5398058166667,2025-09-03 10:53:55.207,2982.0,2,10,36,3,0.49999999999999994,-0.8660254037844387,0.781831482468029,0.6234898018587345,0.3546048870425356,0.9350162426854148,9.641748466959676,10.5398058166667,-0.8980573497070239
1003742948,e0126b4f-d4f1-11eb-85ac-1c34dae33151,РЦ СБЛ НН,2.75130415,2025-06-28 06:38:51.764,684.0,2,6,26,6,1.0,6.123233995736766e-17,-0.9749279121818242,-0.22252093395631184,0.6631226582407952,0.7485107481711011,3.7877969125982514,2.75130415,1.0364927625982512
1003700791,6d6798d6-3f3a-11e9-80c5-0cc47a817925,РЦ СБЛ НН,34.73557925,2025-06-11 09:19:28.593,18840.0,3,9,24,3,0.7071067811865476,-0.7071067811865475,0.4338837391175589,-0.9009688679024188,0.3546048870425356,0.9350162426854148,17.194902023841127,34.735579249999994,-17.540677226158866
1003671285,b7ea7c37-ed81-11ec-b96b-08c0eb32008b,РЦ СБЛ ВЛГ-2 WMS,3.26639798333333,2025-05-21 05:15:25.909,1512.0,1,5,21,3,0.9659258262890683,0.25881904510252074,-7.347880794884119e-16,1.0,0.3546048870425356,0.9350162426854148,4.64890684108594,3.26639798333333,1.38250885775261
1003896711,4d0c5473-7955-11e9-80c5-0cc47a817925,РЦ СБЛ КНД-3,28.8258487666667,2025-09-14 09:39:00.628,5486.0,3,9,37,0,0.7071067811865476,-0.7071067811865475,0.974927912181824,-0.22252093395631314,0.0,1.0,13.005232745567545,28.825848766666702,-15.820616021099157
1003778179,b816da60-c690-11ea-b7de-0050560306e1,РЦ СБЛ ВЛГ-2 WMS,2.38638053333333,2025-07-18 08:45:21.975,576.0,2,8,29,5,0.8660254037844387,-0.49999999999999983,0.7818314824680291,0.6234898018587344,0.5680647467311558,0.8229838658936564,3.791567576663322,2.38638053333333,1.4051870433299922
1003809614,8d590545-fff9-11eb-a0ee-ec0d9a21b021,РЦ СБЛ ВЛГ-2 WMS,12.1696764833333,2025-07-30 14:39:47.976,3840.0,1,14,31,3,-0.4999999999999998,-0.8660254037844388,0.4338837391175591,-0.9009688679024187,0.3546048870425356,0.9350162426854148,11.035476599751373,12.169676483333298,-1.1341998835819247
1003756448,875bbabf-ba1c-11eb-85ab-1c34dae33151,РЦ СБЛ НН,10.6386783166667,2025-07-03 11:33:27.402,3876.0,2,11,27,4,0.258819045102521,-0.9659258262890682,-0.7818314824680304,0.6234898018587328,0.4647231720437685,0.8854560256532099,15.310535725115544,10.638678316666702,4.671857408448842
1003904675,8d590545-fff9-11eb-a0ee-ec0d9a21b021,РЦ СБЛ ВРЖ Нечаевка,23.2373218833333,2025-09-16 07:35:29.710,7242.0,3,7,38,2,0.9659258262890683,-0.25881904510252063,0.43388373911755934,-0.9009688679024186,0.23931566428755774,0.970941817426052,19.745382809586555,23.237321883333298,-3.4919390737467424
1003783888,2dd48ccb-1cd2-11ef-8861-08c0eb32014b,РЦ СБЛ ВЛГ-2 WMS,35.4972471333333,2025-07-26 12:36:11.766,2508.0,2,12,30,6,1.2246467991473532e-16,-1.0,0.9749279121818246,-0.22252093395630992,0.6631226582407952,0.7485107481711011,5.322392363399789,35.49724713333331,-30.17485476993352
1003881843,4d0c5473-7955-11e9-80c5-0cc47a817925,РЦ СБЛ КНД-3,24.4449620833333,2025-09-08 06:09:19.333,6566.0,3,6,37,1,1.0,6.123233995736766e-17,0.974927912181824,-0.22252093395631314,0.12053668025532305,0.992708874098054,9.457794714145733,24.444962083333305,-14.987167369187572
1003655296,29966288-1e27-11ed-885a-08c0eb32014b,РЦ СБЛ ВЛГ-2 WMS,4.18247596666667,2025-05-18 08:33:44.091,2520.0,3,8,20,0,0.8660254037844387,-0.49999999999999983,-0.7818314824680302,0.6234898018587329,0.0,1.0,8.627841717741056,4.18247596666667,4.445365751074386
1003610651,5c37154a-c40f-11ed-ae77-08c0eb320147,РЦ СБЛ ВЛГ-2 WMS,10.0201382166667,2025-04-21 12:43:59.712,972.0,1,12,17,1,1.2246467991473532e-16,-1.0,0.43388373911755707,-0.9009688679024196,0.12053668025532305,0.992708874098054,3.106762644168042,10.020138216666698,-6.913375572498657
1003753917,0bd913d9-4b82-11ec-85ad-1c34dae33151,РЦ СБЛ КСК,9.85281608333333,2025-07-02 04:53:49.472,1230.0,5,4,27,3,0.8660254037844386,0.5000000000000001,-0.7818314824680304,0.6234898018587328,0.3546048870425356,0.9350162426854148,9.529303983834353,9.85281608333333,-0.3235120994989771
1003822653,fe37e020-bf16-11ed-ae77-08c0eb320147,РЦ СБЛ НСК,1.84662961666667,2025-08-12 06:02:17.549,720.0,2,6,33,2,1.0,6.123233995736766e-17,-0.9749279121818234,-0.22252093395631553,0.23931566428755774,0.970941817426052,3.9601124524172553,1.84662961666667,2.1134828357505855
1003885630,a6ef32dc-76e3-11e9-80c5-0cc47a817925,РЦ СБЛ ВРЖ Нечаевка,12.63322605,2025-09-07 11:36:36.908,5112.0,3,11,36,0,0.258819045102521,-0.9659258262890682,0.781831482468029,0.6234898018587345,0.0,1.0,22.3682629995593,12.633226049999998,9.735036949559301
1003776993,875bbabf-ba1c-11eb-85ab-1c34dae33151,РЦ СБЛ ВЛГ-2 WMS,1.53989681666667,2025-07-17 08:48:19.648,1098.0,1,8,29,4,0.8660254037844387,-0.49999999999999983,0.7818314824680291,0.6234898018587344,0.4647231720437685,0.8854560256532099,3.5953514983980557,1.5398968166666698,2.055454681731386
1003833928,718f5685-c732-11ed-ae77-08c0eb320147,РЦ СБЛ РНД-2,10.9769592,2025-08-15 07:16:33.427,3368.0,1,7,33,5,0.9659258262890683,-0.25881904510252063,-0.9749279121818234,-0.22252093395631553,0.5680647467311558,0.8229838658936564,6.764440413507042,10.976959200000001,-4.212518786492959
1003867381,a478fb2c-733c-11ea-bca4-0050560306e1,РЦ СБЛ НСК,13.6191775166667,2025-09-08 03:09:17.629,7320.0,1,3,37,1,0.7071067811865475,0.7071067811865476,0.974927912181824,-0.22252093395631314,0.12053668025532305,0.992708874098054,16.668050392051853,13.619177516666701,3.048872875385152
1003870595,8d590545-fff9-11eb-a0ee-ec0d9a21b021,РЦ СБЛ РНД-2,29.13353045,2025-08-28 12:05:23.461,3084.0,3,12,35,4,1.2246467991473532e-16,-1.0,-1.2246467991473533e-15,1.0,0.4647231720437685,0.8854560256532099,16.402791249899792,29.13353045,-12.730739200100206
1003895153,3cd9aeaa-76f8-11ee-8860-08c0eb32014b,РЦ СБЛ ВЛГ-2 WMS,3.47773516666667,2025-09-14 10:54:07.707,2352.0,1,10,37,0,0.49999999999999994,-0.8660254037844387,0.974927912181824,-0.22252093395631314,0.0,1.0,3.8989150072792653,3.4777351666666694,0.42117984061259595
1003806099,b816da60-c690-11ea-b7de-0050560306e1,РЦ СБЛ ВЛГ-2 WMS,6.43990751666667,2025-08-01 08:00:02.404,1440.0,2,8,31,5,0.8660254037844387,-0.49999999999999983,0.4338837391175591,-0.9009688679024187,0.5680647467311558,0.8229838658936564,5.006443303071568,6.439907516666671,-1.4334642135951032
1003880568,3cd9aeaa-76f8-11ee-8860-08c0eb32014b,РЦ СБЛ КНД-3,1.38806441666667,2025-09-09 11:41:11.670,2808.0,1,11,37,2,0.258819045102521,-0.9659258262890682,0.974927912181824,-0.22252093395631314,0.23931566428755774,0.970941817426052,3.9941052474381857,1.3880644166666698,2.6060408307715157
1003767335,b816da60-c690-11ea-b7de-0050560306e1,РЦ СБЛ НН,1.13121383333333,2025-07-12 14:00:49.259,216.0,1,14,28,6,-0.4999999999999998,-0.8660254037844388,-9.797174393178826e-16,1.0,0.6631226582407952,0.7485107481711011,2.975516418355305,1.13121383333333,1.844302585021975
1003874154,875bbabf-ba1c-11eb-85ab-1c34dae33151,РЦ СБЛ ВЛГ-2 WMS,4.49631703333333,2025-09-04 05:27:25.939,3114.0,2,5,36,4,0.9659258262890683,0.25881904510252074,0.781831482468029,0.6234898018587345,0.4647231720437685,0.8854560256532099,8.475561969616605,4.49631703333333,3.9792449362832745
1003698979,7e2caa22-2ed5-11ef-ae7a-08c0eb320147,РЦ СБЛ КСК,4.81667281666667,2025-06-03 07:55:03.150,4032.0,1,7,23,2,0.9659258262890683,-0.25881904510252063,0.9749279121818238,-0.22252093395631362,0.23931566428755774,0.970941817426052,7.381746439773339,4.816672816666671,2.5650736231066684
1003648880,cfad39c9-bd3e-11eb-85ab-1c34dae33151,РЦ СБЛ ВЛГ-2 WMS,47.98979665,2025-05-08 11:11:43.728,7476.0,4,11,19,4,0.258819045102521,-0.9659258262890682,-0.9749279121818235,-0.22252093395631506,0.4647231720437685,0.8854560256532099,25.090732418922748,47.98979665,-22.899064231077254
1003887032,5c37154a-c40f-11ed-ae77-08c0eb320147,РЦ СБЛ СМР,8.11057205,2025-09-08 10:30:24.300,2256.0,1,10,37,1,0.49999999999999994,-0.8660254037844387,0.974927912181824,-0.22252093395631314,0.12053668025532305,0.992708874098054,5.119075567202659,8.110572049999998,-2.9914964827973396
1003642774,fe37e020-bf16-11ed-ae77-08c0eb320147,РЦ СБЛ ВЛГ-2 WMS,7.30328345,2025-05-08 09:46:52.843,576.0,2,9,19,4,0.7071067811865476,-0.7071067811865475,-0.9749279121818235,-0.22252093395631506,0.4647231720437685,0.8854560256532099,3.358350999488065,7.303283450000002,-3.944932450511937
1003812898,c1ae6f0a-ee93-11ea-8599-1c34dae33151,РЦ СБЛ ВЛГ-2 WMS,2.26626736666667,2025-08-02 10:53:57.008,3585.0,2,10,31,6,0.49999999999999994,-0.8660254037844387,0.4338837391175591,-0.9009688679024187,0.6631226582407952,0.7485107481711011,10.517271277181326,2.26626736666667,8.251003910514656
1003875724,036140e6-3639-11f0-aa25-be3af2b6059f,РЦ СБЛ КСК,1.28483128333333,2025-09-01 05:07:59.871,696.0,1,5,36,1,0.9659258262890683,0.25881904510252074,0.781831482468029,0.6234898018587345,0.12053668025532305,0.992708874098054,3.1179018620005436,1.28483128333333,1.8330705786672137
1003837563,fe37e020-bf16-11ed-ae77-08c0eb320147,РЦ СБЛ НСК,3.43411565,2025-08-21 10:42:47.911,2160.0,2,10,34,4,0.49999999999999994,-0.8660254037844387,-0.7818314824680284,0.6234898018587354,0.4647231720437685,0.8854560256532099,7.956081508403041,3.4341156499999994,4.521965858403041
1003843143,8d590545-fff9-11eb-a0ee-ec0d9a21b021,РЦ СБЛ РНД-2,42.2721222666667,2025-08-14 09:46:02.443,7164.0,4,9,33,4,0.7071067811865476,-0.7071067811865475,-0.9749279121818234,-0.22252093395631553,0.4647231720437685,0.8854560256532099,31.11111584120412,42.2721222666667,-11.161006425462578
1003890694,5c37154a-c40f-11ed-ae77-08c0eb320147,РЦ СБЛ ВЛГ-2 WMS,2.76267158333333,2025-09-12 08:00:33.184,2316.0,1,8,37,5,0.8660254037844387,-0.49999999999999983,0.974927912181824,-0.22252093395631314,0.5680647467311558,0.8229838658936564,3.653806495125534,2.76267158333333,0.8911349117922036
1003667125,1f8687de-6074-11eb-85a3-1c34dae33151,РЦ СБЛ ВЛГ-2 WMS,1.68552956666667,2025-05-21 06:49:36.846,1512.0,1,6,21,3,1.0,6.123233995736766e-17,-7.347880794884119e-16,1.0,0.3546048870425356,0.9350162426854148,3.865222785977422,1.68552956666667,2.179693219310752
1003904562,e1be0609-e680-11ee-8861-08c0eb32014b,РЦ СБЛ КНД-3,12.80883765,2025-09-16 08:35:57.505,6624.0,6,8,38,2,0.8660254037844387,-0.49999999999999983,0.43388373911755934,-0.9009688679024186,0.23931566428755774,0.970941817426052,30.701260600171164,12.808837650000003,17.89242295017116
1003896311,3cd9aeaa-76f8-11ee-8860-08c0eb32014b,РЦ СБЛ СМР,2.50565648333333,2025-09-16 08:29:12.489,1392.0,2,8,38,2,0.8660254037844387,-0.49999999999999983,0.43388373911755934,-0.9009688679024186,0.23931566428755774,0.970941817426052,3.087858257829362,2.50565648333333,0.5822017744960322
1003811901,dd0df3c5-e7cb-11ec-ae71-08c0eb320147,РЦ СБЛ ВЛГ-2 WMS,30.7656553,2025-07-30 13:43:37.574,5952.0,3,13,31,3,-0.2588190451025208,-0.9659258262890683,0.4338837391175591,-0.9009688679024187,0.3546048870425356,0.9350162426854148,23.43618853509106,30.765655299999995,-7.329466764908936
1003714024,29966288-1e27-11ed-885a-08c0eb32014b,РЦ СБЛ НН,3.57018125,2025-06-14 11:21:12.913,1512.0,3,11,24,6,0.258819045102521,-0.9659258262890682,0.4338837391175589,-0.9009688679024188,0.6631226582407952,0.7485107481711011,7.160342285302483,3.5701812499999996,3.5901610353024833
1003860320,b816da60-c690-11ea-b7de-0050560306e1,РЦ СБЛ ВЛГ-2 WMS,2.76987423333333,2025-08-29 15:19:53.556,864.0,1,15,35,5,-0.7071067811865471,-0.7071067811865479,-1.2246467991473533e-15,1.0,0.5680647467311558,0.8229838658936564,3.7975511538577957,2.7698742333333297,1.027676920524466
1003850869,8d590545-fff9-11eb-a0ee-ec0d9a21b021,РЦ СБЛ РНД-2,62.4400376166667,2025-08-19 11:31:30.729,5160.0,3,11,34,2,0.258819045102521,-0.9659258262890682,-0.7818314824680284,0.6234898018587354,0.23931566428755774,0.970941817426052,23.96951506580673,62.44003761666673,-38.47052255086
1003837082,5c37154a-c40f-11ed-ae77-08c0eb320147,РЦ СБЛ УФА-2,0.70823455,2025-08-15 04:39:58.877,408.0,1,4,33,5,0.8660254037844386,0.5000000000000001,-0.9749279121818234,-0.22252093395631553,0.5680647467311558,0.8229838658936564,2.927930204972442,0.7082345499999999,2.2196956549724423
1003698803,a478fb2c-733c-11ea-bca4-0050560306e1,РЦ СБЛ ВЛГ-2 WMS,2.37831073333333,2025-06-09 06:12:25.933,1440.0,1,6,24,1,1.0,6.123233995736766e-17,0.4338837391175589,-0.9009688679024188,0.12053668025532305,0.992708874098054,3.3725386946495894,2.3783107333333304,0.994227961316259
1003471089,a478fb2c-733c-11ea-bca4-0050560306e1,РЦ СДГ КСК,3.25980828333333,2025-02-20 08:35:27.375,60.0,1,8,8,4,0.8660254037844387,-0.49999999999999983,0.7818314824680296,0.6234898018587337,0.4647231720437685,0.8854560256532099,3.031608403702471,3.2598082833333306,-0.22819987963085975
1003853942,a478fb2c-733c-11ea-bca4-0050560306e1,РЦ СБЛ НН,4.80705475,2025-08-26 08:07:52.213,2832.0,1,8,35,2,0.8660254037844387,-0.49999999999999983,-1.2246467991473533e-15,1.0,0.23931566428755774,0.970941817426052,8.400360197436799,4.80705475,3.5933054474367987
1003893265,29966288-1e27-11ed-885a-08c0eb32014b,РЦ СБЛ НН,3.21315141666667,2025-09-11 07:31:28.603,1512.0,1,7,37,4,0.9659258262890683,-0.25881904510252063,0.974927912181824,-0.22252093395631314,0.4647231720437685,0.8854560256532099,3.1123847887627867,3.2131514166666695,-0.1007666279038828
1003885847,e1be0609-e680-11ee-8861-08c0eb32014b,РЦ СБЛ РНД-2,1.98148445,2025-09-03 11:28:00.763,210.0,1,11,36,3,0.258819045102521,-0.9659258262890682,0.781831482468029,0.6234898018587345,0.3546048870425356,0.9350162426854148,3.1310897812882357,1.98148445,1.1496053312882357
1003618952,a478fb2c-733c-11ea-bca4-0050560306e1,РЦ СБЛ ВЛГ-2 WMS,5.75450008333333,2025-04-28 12:22:10.710,2520.0,1,12,18,1,1.2246467991473532e-16,-1.0,-0.43388373911755757,-0.9009688679024194,0.12053668025532305,0.992708874098054,7.468924158298888,5.75450008333333,1.7144240749655584
1003811886,a478fb2c-733c-11ea-bca4-0050560306e1,РЦ СБЛ ТМН,1.16339006666667,2025-08-12 06:08:48.779,240.0,1,6,33,2,1.0,6.123233995736766e-17,-0.9749279121818234,-0.22252093395631553,0.23931566428755774,0.970941817426052,3.0425605032192573,1.1633900666666699,1.8791704365525874
1003856984,141f3c79-76a9-11eb-85a3-1c34dae33151,РЦ СБЛ КНД-3,10.1701990833333,2025-09-08 07:10:34.734,10584.0,1,7,37,1,0.9659258262890683,-0.25881904510252063,0.974927912181824,-0.22252093395631314,0.12053668025532305,0.992708874098054,8.106267977523489,10.170199083333298,-2.063931105809809
1003689141,a478fb2c-733c-11ea-bca4-0050560306e1,РЦ СБЛ ВЛГ-2 WMS,5.07177488333333,2025-06-02 07:24:00.710,948.0,1,7,23,1,0.9659258262890683,-0.25881904510252063,0.9749279121818238,-0.22252093395631362,0.12053668025532305,0.992708874098054,3.0395003908201463,5.07177488333333,-2.0322744925131833
1003891227,dd0df3c5-e7cb-11ec-ae71-08c0eb320147,РЦ СБЛ КНД-3,16.2484656333333,2025-09-09 12:40:34.940,6576.0,4,12,37,2,1.2246467991473532e-16,-1.0,0.974927912181824,-0.22252093395631314,0.23931566428755774,0.970941817426052,25.05557289274054,16.2484656333333,8.807107259407239
1003886759,29966288-1e27-11ed-885a-08c0eb32014b,РЦ СБЛ ВЛГ-2 WMS,1.76352625,2025-09-10 13:21:32.861,2520.0,2,13,37,3,-0.2588190451025208,-0.9659258262890683,0.974927912181824,-0.22252093395631314,0.3546048870425356,0.9350162426854148,5.518044600258888,1.7635262500000002,3.7545183502588877
1003856774,29966288-1e27-11ed-885a-08c0eb32014b,РЦ СБЛ ТМН,5.82468156666667,2025-08-27 06:23:43.011,4032.0,3,6,35,3,1.0,6.123233995736766e-17,-1.2246467991473533e-15,1.0,0.3546048870425356,0.9350162426854148,10.010063300479136,5.82468156666667,4.1853817338124655
1003853931,a478fb2c-733c-11ea-bca4-0050560306e1,РЦ СБЛ СМР,6.3192837,2025-08-25 13:29:16.232,3612.0,1,13,35,1,-0.2588190451025208,-0.9659258262890683,-1.2246467991473533e-15,1.0,0.12053668025532305,0.992708874098054,18.4390758085836,6.3192837,12.1197921085836
1003845315,c766844d-edec-11ef-aa3a-be3af2b6059f,РЦ СБЛ КСК,1.98837758333333,2025-08-29 05:57:09.817,1296.0,1,5,35,5,0.9659258262890683,0.25881904510252074,-1.2246467991473533e-15,1.0,0.5680647467311558,0.8229838658936564,4.175681225140079,1.98837758333333,2.187303641806749
1003858325,5710771d-887c-11eb-85a3-1c34dae33151,РЦ СБЛ СМР,45.3798614166667,2025-08-25 05:46:10.974,7464.0,5,5,35,1,0.9659258262890683,0.25881904510252074,-1.2246467991473533e-15,1.0,0.12053668025532305,0.992708874098054,15.566684627113018,45.3798614166667,-29.81317678955368
1003756271,a122042b-f9c7-11ea-8599-1c34dae33151,РЦ СБЛ НН,9.32266193333333,2025-07-08 05:52:48.339,6080.0,2,5,28,2,0.9659258262890683,0.25881904510252074,-9.797174393178826e-16,1.0,0.23931566428755774,0.970941817426052,18.438844850951448,9.322661933333329,9.116182917618119
1003680376,5c37154a-c40f-11ed-ae77-08c0eb320147,РЦ СБЛ ВЛГ-2 WMS,1.5588407,2025-05-26 09:24:13.509,804.0,1,9,22,1,0.7071067811865476,-0.7071067811865475,0.7818314824680271,0.6234898018587369,0.12053668025532305,0.992708874098054,3.22177838793692,1.5588407,1.66293768793692
1003619526,3cd9aeaa-76f8-11ee-8860-08c0eb32014b,РЦ СБЛ ВЛГ-2 WMS,2.60841431666667,2025-04-27 06:27:31.079,1344.0,1,6,17,0,1.0,6.123233995736766e-17,0.43388373911755707,-0.9009688679024196,0.0,1.0,2.5809009079382768,2.60841431666667,-0.02751340872839325
1003786742,141f3c79-76a9-11eb-85a3-1c34dae33151,РЦ СБЛ НН,1.55154835,2025-07-23 12:08:47.651,636.0,1,12,30,3,1.2246467991473532e-16,-1.0,0.9749279121818246,-0.22252093395630992,0.3546048870425356,0.9350162426854148,2.9734460137186716,1.55154835,1.4218976637186715
1003794785,4d0c5473-7955-11e9-80c5-0cc47a817925,РЦ СБЛ НН,22.4150869333333,2025-07-24 08:13:27.258,6780.0,3,8,30,4,0.8660254037844387,-0.49999999999999983,0.9749279121818246,-0.22252093395630992,0.4647231720437685,0.8854560256532099,11.121919039211406,22.415086933333296,-11.29316789412189
1003708580,c1ae6f0a-ee93-11ea-8599-1c34dae33151,РЦ СБЛ НН,3.11165061666667,2025-06-13 10:10:27.632,3480.0,2,10,24,5,0.49999999999999994,-0.8660254037844387,0.4338837391175589,-0.9009688679024188,0.5680647467311558,0.8229838658936564,12.905140122080846,3.1116506166666706,9.793489505414176
1003754641,29966288-1e27-11ed-885a-08c0eb32014b,РЦ СБЛ НН,9.9421567,2025-07-05 06:36:39.909,4032.0,3,6,27,6,1.0,6.123233995736766e-17,-0.7818314824680304,0.6234898018587328,0.6631226582407952,0.7485107481711011,10.107175591880647,9.942156699999998,0.16501889188064922
1003716746,a478fb2c-733c-11ea-bca4-0050560306e1,РЦ СБЛ ВЛГ-2 WMS,3.41559048333333,2025-06-16 09:22:31.177,1464.0,1,9,25,1,0.7071067811865476,-0.7071067811865475,-0.43388373911755734,-0.9009688679024195,0.12053668025532305,0.992708874098054,4.672209092841446,3.41559048333333,1.256618609508116
1003858791,5c37154a-c40f-11ed-ae77-08c0eb320147,РЦ СБЛ КСК,8.19988535,2025-09-01 07:48:02.135,1920.0,2,7,36,1,0.9659258262890683,-0.25881904510252063,0.781831482468029,0.6234898018587345,0.12053668025532305,0.992708874098054,4.490246853726137,8.199885349999999,-3.709638496273862
1003669118,b816da60-c690-11ea-b7de-0050560306e1,РЦ СБЛ ВЛГ-2 WMS,1.3801419,2025-05-23 08:20:51.460,216.0,1,8,21,5,0.8660254037844387,-0.49999999999999983,-7.347880794884119e-16,1.0,0.5680647467311558,0.8229838658936564,2.8195347834187934,1.3801419,1.4393928834187935
1003884756,6876d873-0939-11ef-8861-08c0eb32014b,РЦ СБЛ КСК,1.89038195,2025-09-12 11:04:29.359,432.0,1,11,37,5,0.258819045102521,-0.9659258262890682,0.974927912181824,-0.22252093395631314,0.5680647467311558,0.8229838658936564,2.370611879712409,1.89038195,0.48022992971240885
1003783062,875bbabf-ba1c-11eb-85ab-1c34dae33151,РЦ СБЛ НН,12.0499665333333,2025-07-17 12:27:17.241,4536.0,3,12,29,4,1.2246467991473532e-16,-1.0,0.7818314824680291,0.6234898018587344,0.4647231720437685,0.8854560256532099,18.736051825947456,12.0499665333333,6.686085292614155
1003902206,29966288-1e27-11ed-885a-08c0eb32014b,РЦ СБЛ РНД-2,8.50703043333333,2025-09-16 05:25:48.132,2880.0,3,5,38,2,0.9659258262890683,0.25881904510252074,0.43388373911755934,-0.9009688679024186,0.23931566428755774,0.970941817426052,8.383239249745916,8.50703043333333,-0.12379118358741437
1003728579,a122042b-f9c7-11ea-8599-1c34dae33151,РЦ СБЛ НН,4.31011976666667,2025-06-22 12:11:35.010,2300.0,2,12,25,0,1.2246467991473532e-16,-1.0,-0.43388373911755734,-0.9009688679024195,0.0,1.0,13.288661431863767,4.310119766666669,8.978541665197099
1003790929,875bbabf-ba1c-11eb-85ab-1c34dae33151,РЦ СБЛ ВЛГ-2 WMS,11.5759584666667,2025-07-24 09:52:46.388,5565.0,3,9,30,4,0.7071067811865476,-0.7071067811865475,0.9749279121818246,-0.22252093395630992,0.4647231720437685,0.8854560256532099,19.650902148013323,11.575958466666698,8.074943681346625
1003822238,0bd913d9-4b82-11ec-85ad-1c34dae33151,РЦ СБЛ КСК,35.8784667166667,2025-08-06 02:17:22.428,1290.0,7,2,32,3,0.49999999999999994,0.8660254037844387,-0.4338837391175571,-0.9009688679024196,0.3546048870425356,0.9350162426854148,9.431390101486523,35.8784667166667,-26.44707661518018
1003898180,dd0df3c5-e7cb-11ec-ae71-08c0eb320147,РЦ СБЛ РНД-2,9.56852946666667,2025-09-11 06:30:09.885,10080.0,2,6,37,4,1.0,6.123233995736766e-17,0.974927912181824,-0.22252093395631314,0.4647231720437685,0.8854560256532099,11.99514231553805,9.56852946666667,2.4266128488713807
1003871127,e9e96750-80a9-11eb-85a3-1c34dae33151,РЦ СБЛ СМР,21.7619573166667,2025-08-29 08:27:49.773,7980.0,3,8,35,5,0.8660254037844387,-0.49999999999999983,-1.2246467991473533e-15,1.0,0.5680647467311558,0.8229838658936564,26.921299938995762,21.761957316666695,5.159342622329067
1003872537,5c37154a-c40f-11ed-ae77-08c0eb320147,РЦ СБЛ СМР,39.5438302,2025-09-01 05:51:28.192,4140.0,2,5,36,1,0.9659258262890683,0.25881904510252074,0.781831482468029,0.6234898018587345,0.12053668025532305,0.992708874098054,5.263024687264623,39.543830199999995,-34.28080551273537
1003699667,ded9af41-bbef-11ec-8857-08c0eb32014b,РЦ СБЛ ТМН,6.68115928333333,2025-06-03 05:15:17.628,1092.0,1,5,23,2,0.9659258262890683,0.25881904510252074,0.9749279121818238,-0.22252093395631362,0.23931566428755774,0.970941817426052,3.920420307941012,6.68115928333333,-2.7607389753923184
1003865947,a122042b-f9c7-11ea-8599-1c34dae33151,РЦ СБЛ СМР,3.48560791666667,2025-08-31 07:48:15.867,4180.0,2,7,35,0,0.9659258262890683,-0.25881904510252063,-1.2246467991473533e-15,1.0,0.0,1.0,14.390915070832836,3.4856079166666705,10.905307154166167
1003833465,718f5685-c732-11ed-ae77-08c0eb320147,РЦ СБЛ ВЛГ-2 WMS,16.9715430333333,2025-08-17 06:09:57.553,5672.0,1,6,33,0,1.0,6.123233995736766e-17,-0.9749279121818234,-0.22252093395631553,0.0,1.0,9.072224485887197,16.9715430333333,-7.899318547446104
1003828092,4d0c5473-7955-11e9-80c5-0cc47a817925,РЦ СБЛ ВЛГ-2 WMS,2.82619683333333,2025-08-11 07:24:40.952,2088.0,2,7,33,1,0.9659258262890683,-0.25881904510252063,-0.9749279121818234,-0.22252093395631553,0.12053668025532305,0.992708874098054,4.866887478229633,2.82619683333333,2.040690644896303
1003768114,29966288-1e27-11ed-885a-08c0eb32014b,РЦ СБЛ НН,1.55732186666667,2025-07-14 10:19:01.071,2016.0,3,10,29,1,0.49999999999999994,-0.8660254037844387,0.7818314824680291,0.6234898018587344,0.12053668025532305,0.992708874098054,8.125564786149628,1.55732186666667,6.568242919482958
1003900290,8d590545-fff9-11eb-a0ee-ec0d9a21b021,РЦ СБЛ РНД-2,34.3030561833333,2025-09-11 07:50:50.062,5460.0,4,7,37,4,0.9659258262890683,-0.25881904510252063,0.974927912181824,-0.22252093395631314,0.4647231720437685,0.8854560256532099,18.20138836851906,34.303056183333304,-16.101667814814245
1003895107,a122042b-f9c7-11ea-8599-1c34dae33151,РЦ СБЛ НН,5.70360656666667,2025-09-15 07:26:39.737,3380.0,2,7,38,1,0.9659258262890683,-0.25881904510252063,0.43388373911755934,-0.9009688679024186,0.12053668025532305,0.992708874098054,11.580775366974091,5.70360656666667,5.877168800307421
1003890716,5c37154a-c40f-11ed-ae77-08c0eb320147,РЦ СБЛ ВРЖ Нечаевка,19.9794505333333,2025-09-09 13:52:49.878,3108.0,1,13,37,2,-0.2588190451025208,-0.9659258262890683,0.974927912181824,-0.22252093395631314,0.23931566428755774,0.970941817426052,4.917124891785124,19.979450533333296,-15.06232564154817
1003851361,a6ef32dc-76e3-11e9-80c5-0cc47a817925,РЦ СБЛ СМР,39.7145223833333,2025-08-25 07:48:48.594,3858.0,6,7,35,1,0.9659258262890683,-0.25881904510252063,-1.2246467991473533e-15,1.0,0.12053668025532305,0.992708874098054,25.33096413028206,39.71452238333331,-14.383558253051252
1003871128,e9e96750-80a9-11eb-85a3-1c34dae33151,РЦ СБЛ СМР,12.7517355666667,2025-08-29 08:50:11.045,1872.0,1,8,35,5,0.8660254037844387,-0.49999999999999983,-1.2246467991473533e-15,1.0,0.5680647467311558,0.8229838658936564,6.6632632349196195,12.7517355666667,-6.08847233174708
1003790635,c1ae6f0a-ee93-11ea-8599-1c34dae33151,РЦ СБЛ НН,4.28673711666667,2025-07-23 13:28:04.880,2025.0,1,13,30,3,-0.2588190451025208,-0.9659258262890683,0.9749279121818246,-0.22252093395630992,0.3546048870425356,0.9350162426854148,6.22168631172088,4.28673711666667,1.9349491950542106
1003799320,c1ae6f0a-ee93-11ea-8599-1c34dae33151,РЦ СБЛ ВЛГ-2 WMS,3.0666597,2025-07-26 08:00:31.024,3309.0,3,8,30,6,0.8660254037844387,-0.49999999999999983,0.9749279121818246,-0.22252093395630992,0.6631226582407952,0.7485107481711011,13.46158257969739,3.0666597,10.39492287969739
1003803796,29966288-1e27-11ed-885a-08c0eb32014b,РЦ СБЛ ВЛГ-2 WMS,20.15425125,2025-07-30 15:17:58.305,6552.0,3,15,31,3,-0.7071067811865471,-0.7071067811865479,0.4338837391175591,-0.9009688679024187,0.3546048870425356,0.9350162426854148,14.689529773987918,20.15425125,-5.464721476012084
1003589224,fe37e020-bf16-11ed-ae77-08c0eb320147,РЦ СБЛ ВЛГ-2 WMS,2.58525131666667,2025-04-10 10:03:07.815,468.0,2,10,15,4,0.49999999999999994,-0.8660254037844387,0.7818314824680284,0.6234898018587354,0.4647231720437685,0.8854560256532099,3.742725504921646,2.5852513166666706,1.1574741882549753
1003705274,141f3c79-76a9-11eb-85a3-1c34dae33151,РЦ СБЛ НН,1.63103461666667,2025-06-13 12:22:45.757,1080.0,1,12,24,5,1.2246467991473532e-16,-1.0,0.4338837391175589,-0.9009688679024188,0.5680647467311558,0.8229838658936564,3.2735396419047604,1.6310346166666698,1.6425050252380906
1003890210,036140e6-3639-11f0-aa25-be3af2b6059f,РЦ СБЛ КСК,2.19232298333333,2025-09-08 05:27:43.192,204.0,1,5,37,1,0.9659258262890683,0.25881904510252074,0.974927912181824,-0.22252093395631314,0.12053668025532305,0.992708874098054,2.3792056092064984,2.1923229833333306,0.18688262587316773
1003845903,a6ef32dc-76e3-11e9-80c5-0cc47a817925,РЦ СБЛ РНД-2,9.4652749,2025-08-20 14:10:06.447,4236.0,3,14,34,3,-0.4999999999999998,-0.8660254037844388,-0.7818314824680284,0.6234898018587354,0.3546048870425356,0.9350162426854148,19.236468773883725,9.465274899999999,9.771193873883727
1003856408,141f3c79-76a9-11eb-85a3-1c34dae33151,РЦ СБЛ ВРЖ Нечаевка,28.6631203666667,2025-09-08 06:45:15.556,9060.0,1,6,37,1,1.0,6.123233995736766e-17,0.974927912181824,-0.22252093395631314,0.12053668025532305,0.992708874098054,7.395646947134286,28.663120366666696,-21.26747341953241
1003777866,5c37154a-c40f-11ed-ae77-08c0eb320147,РЦ СБЛ ВЛГ-2 WMS,3.46589428333333,2025-07-18 09:29:31.635,744.0,1,9,29,5,0.7071067811865476,-0.7071067811865475,0.7818314824680291,0.6234898018587344,0.5680647467311558,0.8229838658936564,2.8476325796572843,3.46589428333333,-0.6182617036760458
1003833030,f867fb96-d63d-11ea-8598-1c34dae33151,РЦ СБЛ РНД-2,19.4824449833333,2025-08-15 12:25:16.337,2520.0,4,12,33,5,1.2246467991473532e-16,-1.0,-0.9749279121818234,-0.22252093395631553,0.5680647467311558,0.8229838658936564,14.632899238634879,19.4824449833333,-4.849545744698419
1003904992,20d10c55-606b-11ef-ae7a-08c0eb320147,РЦ СБЛ СМР,5.14319876666667,2025-09-12 07:03:04.119,4488.0,1,7,37,5,0.9659258262890683,-0.25881904510252063,0.974927912181824,-0.22252093395631314,0.5680647467311558,0.8229838658936564,5.902127182064585,5.143198766666669,0.7589284153979161
1003717617,cfad39c9-bd3e-11eb-85ab-1c34dae33151,РЦ СБЛ ВЛГ-2 WMS,34.8775978833333,2025-06-11 13:02:39.115,7560.0,4,13,24,3,-0.2588190451025208,-0.9659258262890683,0.4338837391175589,-0.9009688679024188,0.3546048870425356,0.9350162426854148,25.984263925520917,34.8775978833333,-8.893333957812384
1003868878,a6ef32dc-76e3-11e9-80c5-0cc47a817925,РЦ СБЛ НСК,1.48784526666667,2025-08-30 06:22:53.263,756.0,1,6,35,6,1.0,6.123233995736766e-17,-1.2246467991473533e-15,1.0,0.6631226582407952,0.7485107481711011,3.0105493391146423,1.4878452666666702,1.5227040724479721
1003456394,a478fb2c-733c-11ea-bca4-0050560306e1,РЦ СДГ КСК,17.00178915,2025-02-13 05:50:50.235,4920.0,1,5,7,4,0.9659258262890683,0.25881904510252074,-2.4492935982947064e-16,1.0,0.4647231720437685,0.8854560256532099,13.348642954229025,17.001789150000004,-3.6531461957709794
1003864122,4d0c5473-7955-11e9-80c5-0cc47a817925,РЦ СБЛ НН,19.3788110333333,2025-08-28 05:57:39.210,5798.0,3,5,35,4,0.9659258262890683,0.25881904510252074,-1.2246467991473533e-15,1.0,0.4647231720437685,0.8854560256532099,11.122473635349719,19.378811033333296,-8.256337397983577
1003846114,875bbabf-ba1c-11eb-85ab-1c34dae33151,РЦ СБЛ ВЛГ-2 WMS,3.8676564,2025-08-21 08:11:21.349,1818.0,1,8,34,4,0.8660254037844387,-0.49999999999999983,-0.7818314824680284,0.6234898018587354,0.4647231720437685,0.8854560256532099,4.967967778151352,3.8676564,1.100311378151352
1003902650,5c37154a-c40f-11ed-ae77-08c0eb320147,РЦ СБЛ НСК,1.96559591666667,2025-09-13 07:28:19.891,576.0,1,7,37,6,0.9659258262890683,-0.25881904510252063,0.974927912181824,-0.22252093395631314,0.6631226582407952,0.7485107481711011,1.792132887414645,1.9655959166666699,-0.17346302925202495
1003728551,875bbabf-ba1c-11eb-85ab-1c34dae33151,РЦ СБЛ НН,20.5760406166667,2025-06-19 14:39:34.511,4236.0,3,14,25,4,-0.4999999999999998,-0.8660254037844388,-0.43388373911755734,-0.9009688679024195,0.4647231720437685,0.8854560256532099,21.179081450927598,20.576040616666702,0.603040834260895
1003885651,036140e6-3639-11f0-aa25-be3af2b6059f,РЦ СБЛ НСК,0.909679833333333,2025-09-04 09:15:35.768,1512.0,1,9,36,4,0.7071067811865476,-0.7071067811865475,0.781831482468029,0.6234898018587345,0.4647231720437685,0.8854560256532099,3.139979397927583,0.9096798333333331,2.23029956459425
1003625689,5c37154a-c40f-11ed-ae77-08c0eb320147,РЦ СБЛ ВЛГ-2 WMS,7.50324136666667,2025-04-28 09:18:45.551,2520.0,1,9,18,1,0.7071067811865476,-0.7071067811865475,-0.43388373911755757,-0.9009688679024194,0.12053668025532305,0.992708874098054,4.234923478787244,7.503241366666669,-3.268317887879425
1003861619,718f5685-c732-11ed-ae77-08c0eb320147,РЦ СБЛ НСК,17.0584755833333,2025-08-26 05:18:07.830,9896.0,1,5,35,2,0.9659258262890683,0.25881904510252074,-1.2246467991473533e-15,1.0,0.23931566428755774,0.970941817426052,10.291348628004716,17.058475583333298,-6.767126955328582
1003682647,ac70539a-7305-11ee-8860-08c0eb32014b,РЦ СБЛ КСК,8.511009,2025-05-27 04:32:15.161,960.0,1,4,22,2,0.8660254037844386,0.5000000000000001,0.7818314824680271,0.6234898018587369,0.23931566428755774,0.970941817426052,4.318146019128238,8.511008999999998,-4.19286298087176
1003811700,ded9af41-bbef-11ec-8857-08c0eb32014b,РЦ СБЛ ТМН,9.23127998333333,2025-08-05 06:06:31.669,1076.0,1,6,32,2,1.0,6.123233995736766e-17,-0.4338837391175571,-0.9009688679024196,0.23931566428755774,0.970941817426052,4.250169123940862,9.231279983333328,-4.981110859392467
1003780150,718f5685-c732-11ed-ae77-08c0eb320147,РЦ СБЛ ВЛГ-2 WMS,12.99155405,2025-07-20 05:58:27.336,5760.0,1,5,29,0,0.9659258262890683,0.25881904510252074,0.7818314824680291,0.6234898018587344,0.0,1.0,8.289002965393642,12.991554049999998,-4.702551084606355
1003798633,a478fb2c-733c-11ea-bca4-0050560306e1,РЦ СБЛ НСК,7.66037655,2025-08-04 10:08:32.763,2460.0,1,10,32,1,0.49999999999999994,-0.8660254037844387,-0.4338837391175571,-0.9009688679024196,0.12053668025532305,0.992708874098054,9.25803812686118,7.660376550000001,1.5976615768611788
1003859814,875bbabf-ba1c-11eb-85ab-1c34dae33151,РЦ СБЛ РНД-2,4.27312451666667,2025-08-28 13:08:18.312,1527.0,2,13,35,4,-0.2588190451025208,-0.9659258262890683,-1.2246467991473533e-15,1.0,0.4647231720437685,0.8854560256532099,7.091748086927508,4.273124516666669,2.818623570260839
1003861408,5c37154a-c40f-11ed-ae77-08c0eb320147,РЦ СБЛ УФА-2,6.55754495,2025-08-29 05:56:42.371,1800.0,2,5,35,5,0.9659258262890683,0.25881904510252074,-1.2246467991473533e-15,1.0,0.5680647467311558,0.8229838658936564,5.682148694969978,6.557544950000001,-0.8753962550300232
1003632892,a122042b-f9c7-11ea-8599-1c34dae33151,РЦ СБЛ ВЛГ-2 WMS,6.2349169,2025-05-01 05:30:32.646,3070.0,2,5,18,4,0.9659258262890683,0.25881904510252074,-0.43388373911755757,-0.9009688679024194,0.4647231720437685,0.8854560256532099,8.02354796577949,6.234916899999999,1.7886310657794917
1003700173,c7da00ce-3602-11ee-885f-08c0eb32014b,РЦ СБЛ ВЛГ-2 WMS,2.38076726666667,2025-06-01 07:54:35.155,1890.0,1,7,22,0,0.9659258262890683,-0.25881904510252063,0.7818314824680271,0.6234898018587369,0.0,1.0,4.055824946255318,2.38076726666667,1.6750576795886478
1003764518,b816da60-c690-11ea-b7de-0050560306e1,РЦ СБЛ ВЛГ-2 WMS,1.60481936666667,2025-07-11 07:24:35.065,576.0,2,7,28,5,0.9659258262890683,-0.25881904510252063,-9.797174393178826e-16,1.0,0.5680647467311558,0.8229838658936564,4.619105588554051,1.60481936666667,3.014286221887381
1003893238,718f5685-c732-11ed-ae77-08c0eb320147,РЦ СБЛ СМР,8.49864246666667,2025-09-13 10:04:36.816,3752.0,1,10,37,6,0.49999999999999994,-0.8660254037844387,0.974927912181824,-0.22252093395631314,0.6631226582407952,0.7485107481711011,8.604851056841214,8.49864246666667,0.10620859017454443
1003601273,718f5685-c732-11ed-ae77-08c0eb320147,РЦ СБЛ ВЛГ-2 WMS,2.44501375,2025-04-20 08:08:44.026,1140.0,1,8,16,0,0.8660254037844387,-0.49999999999999983,0.9749279121818237,-0.22252093395631387,0.0,1.0,2.927863110040813,2.44501375,0.4828493600408126
1003822041,4d0c5473-7955-11e9-80c5-0cc47a817925,РЦ СБЛ НН,15.3572851666667,2025-08-09 10:31:09.251,3800.0,1,10,32,6,0.49999999999999994,-0.8660254037844387,-0.4338837391175571,-0.9009688679024196,0.6631226582407952,0.7485107481711011,7.999932226610734,15.357285166666703,-7.357352940055969
1003801186,8d590545-fff9-11eb-a0ee-ec0d9a21b021,РЦ СБЛ РНД-2,39.3160515,2025-07-24 10:42:13.725,5370.0,4,10,30,4,0.49999999999999994,-0.8660254037844387,0.9749279121818246,-0.22252093395630992,0.4647231720437685,0.8854560256532099,24.466200320766713,39.31605149999999,-14.84985117923328
1003851388,a6ef32dc-76e3-11e9-80c5-0cc47a817925,РЦ СБЛ НСК,47.4909503,2025-08-22 09:08:44.891,3960.0,1,9,34,5,0.7071067811865476,-0.7071067811865475,-0.7818314824680284,0.6234898018587354,0.5680647467311558,0.8229838658936564,11.824531348977398,47.49095030000001,-35.66641895102261
1003740316,1c8d2a76-0139-11ef-b10b-08c0eb31fffb,РЦ СБЛ ВЛГ-2 WMS,17.9055872166667,2025-06-27 08:00:22.875,6300.0,2,8,26,5,0.8660254037844387,-0.49999999999999983,-0.9749279121818242,-0.22252093395631184,0.5680647467311558,0.8229838658936564,8.178294730202207,17.9055872166667,-9.727292486464492
1003811587,e0126b4f-d4f1-11eb-85ac-1c34dae33151,РЦ СБЛ НН,2.77783585,2025-08-02 08:32:30.518,546.0,2,8,31,6,0.8660254037844387,-0.49999999999999983,0.4338837391175591,-0.9009688679024187,0.6631226582407952,0.7485107481711011,3.219003140702859,2.7778358500000007,0.4411672907028583
1003822537,fe37e020-bf16-11ed-ae77-08c0eb320147,РЦ СБЛ НСК,6.83352478333333,2025-08-12 05:16:46.900,3912.0,1,5,33,2,0.9659258262890683,0.25881904510252074,-0.9749279121818234,-0.22252093395631553,0.23931566428755774,0.970941817426052,9.99723364461805,6.833524783333331,3.163708861284718
1003647543,a478fb2c-733c-11ea-bca4-0050560306e1,РЦ СБЛ ВЛГ-2 WMS,2.38682946666667,2025-05-12 11:48:20.096,1332.0,1,11,20,1,0.258819045102521,-0.9659258262890682,-0.7818314824680302,0.6234898018587329,0.12053668025532305,0.992708874098054,4.173461452269993,2.3868294666666694,1.7866319856033233
1003710517,b816da60-c690-11ea-b7de-0050560306e1,РЦ СБЛ НН,9.43880513333333,2025-06-14 15:48:42.620,1368.0,2,15,24,6,-0.7071067811865471,-0.7071067811865479,0.4338837391175589,-0.9009688679024188,0.6631226582407952,0.7485107481711011,5.640249085950598,9.43880513333333,-3.798556047382733
1003825324,a478fb2c-733c-11ea-bca4-0050560306e1,РЦ СБЛ КСК,10.31509405,2025-08-21 07:22:17.099,3840.0,1,7,34,4,0.9659258262890683,-0.25881904510252063,-0.7818314824680284,0.6234898018587354,0.4647231720437685,0.8854560256532099,12.711357477689363,10.315094049999999,2.396263427689364
1003675180,a478fb2c-733c-11ea-bca4-0050560306e1,РЦ СБЛ ТМН,3.13679255,2025-06-03 07:42:46.372,432.0,1,7,23,2,0.9659258262890683,-0.25881904510252063,0.9749279121818238,-0.22252093395631362,0.23931566428755774,0.970941817426052,3.3116475272558445,3.13679255,0.17485497725584453
1003900325,9a1e1ba8-211b-11ec-a0ee-ec0d9a21b021,РЦ СБЛ СМР,8.66339836666667,2025-09-13 08:17:30.549,4464.0,1,8,37,6,0.8660254037844387,-0.49999999999999983,0.974927912181824,-0.22252093395631314,0.6631226582407952,0.7485107481711011,10.984249740189785,8.66339836666667,2.3208513735231158
1003692576,29966288-1e27-11ed-885a-08c0eb32014b,РЦ СБЛ ТМН,12.1771055333333,2025-06-07 07:58:20.078,10584.0,3,7,23,6,0.9659258262890683,-0.25881904510252063,0.9749279121818238,-0.22252093395631362,0.6631226582407952,0.7485107481711011,13.831641541905084,12.177105533333298,1.6545360085717853
1003798614,a478fb2c-733c-11ea-bca4-0050560306e1,РЦ СБЛ РНД-2,12.6810185666667,2025-08-01 10:36:11.312,1188.0,1,10,31,5,0.49999999999999994,-0.8660254037844387,0.4338837391175591,-0.9009688679024187,0.5680647467311558,0.8229838658936564,3.501474042360788,12.681018566666701,-9.179544524305912
1003848257,a6ef32dc-76e3-11e9-80c5-0cc47a817925,РЦ СБЛ СМР,32.4758977333333,2025-08-24 04:28:54.063,2268.0,2,4,34,0,0.8660254037844386,0.5000000000000001,-0.7818314824680284,0.6234898018587354,0.0,1.0,11.63317159464526,32.4758977333333,-20.842726138688036
1003878745,718f5685-c732-11ed-ae77-08c0eb320147,РЦ СБЛ НСК,20.8833840833333,2025-09-09 08:59:16.595,10672.0,1,8,37,2,0.8660254037844387,-0.49999999999999983,0.974927912181824,-0.22252093395631314,0.23931566428755774,0.970941817426052,9.350199810361369,20.883384083333304,-11.533184272971935
1003723476,b816da60-c690-11ea-b7de-0050560306e1,РЦ СБЛ НН,9.48456316666667,2025-06-21 14:23:11.777,936.0,2,14,25,6,-0.4999999999999998,-0.8660254037844388,-0.43388373911755734,-0.9009688679024195,0.6631226582407952,0.7485107481711011,4.877670633329268,9.484563166666671,-4.606892533337403
1003833891,a6ef32dc-76e3-11e9-80c5-0cc47a817925,РЦ СБЛ УФА-2,43.0178751333333,2025-08-17 03:52:01.049,4948.0,7,3,33,0,0.7071067811865475,0.7071067811865476,-0.9749279121818234,-0.22252093395631553,0.0,1.0,32.69202817451319,43.0178751333333,-10.325846958820108
1003885139,f9b41e55-548c-11ea-879c-0050560306e1,РЦ СБЛ СМР,16.0826069666667,2025-09-09 08:56:44.879,1596.0,1,8,37,2,0.8660254037844387,-0.49999999999999983,0.974927912181824,-0.22252093395631314,0.23931566428755774,0.970941817426052,6.560830156054488,16.0826069666667,-9.521776810612211
1003876876,3cd9aeaa-76f8-11ee-8860-08c0eb32014b,РЦ СБЛ КСК,4.1945012,2025-09-12 04:35:11.097,1244.0,2,4,37,5,0.8660254037844386,0.5000000000000001,0.974927912181824,-0.22252093395631314,0.5680647467311558,0.8229838658936564,4.350761734238187,4.1945011999999995,0.15626053423818753
1003731130,dd0df3c5-e7cb-11ec-ae71-08c0eb320147,РЦ СБЛ ВЛГ-2 WMS,26.0218188666667,2025-06-21 06:51:29.508,6456.0,3,6,25,6,1.0,6.123233995736766e-17,-0.43388373911755734,-0.9009688679024195,0.6631226582407952,0.7485107481711011,14.68681776209796,26.021818866666703,-11.335001104568743
1003861011,0bd913d9-4b82-11ec-85ad-1c34dae33151,РЦ СБЛ НСК,21.9448803666667,2025-08-26 03:19:44.039,4950.0,7,3,35,2,0.7071067811865475,0.7071067811865476,-1.2246467991473533e-15,1.0,0.23931566428755774,0.970941817426052,26.916328845354194,21.944880366666702,4.971448478687492
1003818847,a6ef32dc-76e3-11e9-80c5-0cc47a817925,РЦ СБЛ НСК,21.3215178833333,2025-08-06 05:18:42.320,3588.0,2,5,32,3,0.9659258262890683,0.25881904510252074,-0.4338837391175571,-0.9009688679024196,0.3546048870425356,0.9350162426854148,12.707398391837796,21.321517883333303,-8.614119491495508
1003846028,a6ef32dc-76e3-11e9-80c5-0cc47a817925,РЦ СБЛ НСК,26.56476315,2025-08-19 07:17:17.630,3960.0,1,7,34,2,0.9659258262890683,-0.25881904510252063,-0.7818314824680284,0.6234898018587354,0.23931566428755774,0.970941817426052,11.689259166999761,26.564763150000005,-14.875503983000243
1003886831,29966288-1e27-11ed-885a-08c0eb32014b,РЦ СБЛ НСК,12.4006828833333,2025-09-12 03:07:32.986,8280.0,5,3,37,5,0.7071067811865475,0.7071067811865476,0.974927912181824,-0.22252093395631314,0.5680647467311558,0.8229838658936564,23.35308665032058,12.400682883333298,10.952403766987283
1003696225,b816da60-c690-11ea-b7de-0050560306e1,РЦ СБЛ ВЛГ-2 WMS,2.47840305,2025-06-06 06:05:58.407,576.0,2,6,23,5,1.0,6.123233995736766e-17,0.9749279121818238,-0.22252093395631362,0.5680647467311558,0.8229838658936564,2.847113054910375,2.47840305,0.3687100049103753
1003740112,b816da60-c690-11ea-b7de-0050560306e1,РЦ СБЛ НН,20.5600974666667,2025-06-28 11:51:29.384,3672.0,2,11,26,6,0.258819045102521,-0.9659258262890682,-0.9749279121818242,-0.22252093395631184,0.6631226582407952,0.7485107481711011,15.2706656345646,20.560097466666704,-5.289431832102105
1003822247,0bd913d9-4b82-11ec-85ad-1c34dae33151,РЦ СБЛ НСК,35.0849378,2025-08-07 07:53:40.380,5262.0,9,7,32,4,0.9659258262890683,-0.25881904510252063,-0.4338837391175571,-0.9009688679024196,0.4647231720437685,0.8854560256532099,24.442372395297106,35.0849378,-10.642565404702893
1003846875,9a44a5d4-6f14-11ed-b96e-08c0eb32008b,РЦ СБЛ СМР,2.44965875,2025-08-22 05:25:52.615,2280.0,1,5,34,5,0.9659258262890683,0.25881904510252074,-0.7818314824680284,0.6234898018587354,0.5680647467311558,0.8229838658936564,6.780789676980191,2.44965875,4.331130926980191
1003814840,29966288-1e27-11ed-885a-08c0eb32014b,РЦ СБЛ ТМН,4.71085538333333,2025-08-07 03:19:04.854,4032.0,3,3,32,4,0.7071067811865475,0.7071067811865476,-0.4338837391175571,-0.9009688679024196,0.4647231720437685,0.8854560256532099,19.987145394053137,4.71085538333333,15.276290010719807
1003890719,5c37154a-c40f-11ed-ae77-08c0eb320147,РЦ СБЛ УФА-2,5.58052048333333,2025-09-12 08:08:23.024,816.0,1,8,37,5,0.8660254037844387,-0.49999999999999983,0.974927912181824,-0.22252093395631314,0.5680647467311558,0.8229838658936564,3.140746019084167,5.58052048333333,-2.4397744642491626
1003716815,a478fb2c-733c-11ea-bca4-0050560306e1,РЦ СБЛ КСК,11.0290853166667,2025-06-26 09:50:28.836,3144.0,1,9,26,4,0.7071067811865476,-0.7071067811865475,-0.9749279121818242,-0.22252093395631184,0.4647231720437685,0.8854560256532099,10.884595176835338,11.029085316666698,-0.14449013983136005
1003873815,a6ef32dc-76e3-11e9-80c5-0cc47a817925,РЦ СБЛ НСК,10.4301782666667,2025-09-02 09:14:33.083,11580.0,5,9,36,2,0.7071067811865476,-0.7071067811865475,0.781831482468029,0.6234898018587345,0.23931566428755774,0.970941817426052,26.76793923914776,10.4301782666667,16.337760972481064
1003840272,a478fb2c-733c-11ea-bca4-0050560306e1,РЦ СБЛ ТМН,1.64658675,2025-08-26 07:08:35.989,432.0,1,7,35,2,0.9659258262890683,-0.25881904510252063,-1.2246467991473533e-15,1.0,0.23931566428755774,0.970941817426052,3.7005923762352633,1.6465867500000002,2.054005626235263
1003869517,dd0df3c5-e7cb-11ec-ae71-08c0eb320147,РЦ СБЛ РНД-2,140.149213,2025-08-27 08:40:23.911,8562.0,2,8,35,3,0.8660254037844387,-0.49999999999999983,-1.2246467991473533e-15,1.0,0.3546048870425356,0.9350162426854148,12.825457069457451,140.149213,-127.32375593054255
1003729664,a478fb2c-733c-11ea-bca4-0050560306e1,РЦ СБЛ НН,6.8445466,2025-06-24 08:30:26.272,948.0,1,8,26,2,0.8660254037844387,-0.49999999999999983,-0.9749279121818242,-0.22252093395631184,0.23931566428755774,0.970941817426052,3.7697044642074276,6.844546599999999,-3.0748421357925717
1003840345,ded9af41-bbef-11ec-8857-08c0eb32014b,РЦ СБЛ ТМН,16.5351298,2025-08-19 07:54:20.439,1116.0,1,7,34,2,0.9659258262890683,-0.25881904510252063,-0.7818314824680284,0.6234898018587354,0.23931566428755774,0.970941817426052,4.133644057250998,16.535129800000004,-12.401485742749006
1003888002,9a1e1ba8-211b-11ec-a0ee-ec0d9a21b021,РЦ СБЛ КНД-3,9.67879743333333,2025-09-11 06:11:24.139,5616.0,1,6,37,4,1.0,6.123233995736766e-17,0.974927912181824,-0.22252093395631314,0.4647231720437685,0.8854560256532099,15.089304966525807,9.678797433333328,5.4105075331924795
1003850720,29966288-1e27-11ed-885a-08c0eb32014b,РЦ СБЛ НН,4.01077751666667,2025-08-26 06:40:38.543,1512.0,2,6,35,2,1.0,6.123233995736766e-17,-1.2246467991473533e-15,1.0,0.23931566428755774,0.970941817426052,4.810588117576143,4.0107775166666695,0.7998106009094732
1003671371,718f5685-c732-11ed-ae77-08c0eb320147,РЦ СБЛ ВЛГ-2 WMS,8.09274388333333,2025-05-25 05:58:25.960,2688.0,1,5,21,0,0.9659258262890683,0.25881904510252074,-7.347880794884119e-16,1.0,0.0,1.0,6.042763904814311,8.092743883333329,-2.0499799785190174
1003883302,5c37154a-c40f-11ed-ae77-08c0eb320147,РЦ СБЛ КНД-3,5.80428193333333,2025-09-08 11:11:06.329,1500.0,2,11,37,1,0.258819045102521,-0.9659258262890682,0.974927912181824,-0.22252093395631314,0.12053668025532305,0.992708874098054,4.4148482439645385,5.804281933333329,-1.3894336893687909
1003870013,29966288-1e27-11ed-885a-08c0eb32014b,РЦ СБЛ СМР,3.48994725,2025-08-31 05:36:39.470,3528.0,4,5,35,0,0.9659258262890683,0.25881904510252074,-1.2246467991473533e-15,1.0,0.0,1.0,11.864426633596752,3.4899472500000006,8.374479383596752
1003864128,8d590545-fff9-11eb-a0ee-ec0d9a21b021,РЦ СБЛ ВЛГ-2 WMS,5.5347789,2025-08-27 09:12:59.381,2808.0,2,9,35,3,0.7071067811865476,-0.7071067811865475,-1.2246467991473533e-15,1.0,0.3546048870425356,0.9350162426854148,8.709279685509584,5.534778899999999,3.1745007855095846
1003770678,a478fb2c-733c-11ea-bca4-0050560306e1,РЦ СБЛ НН,6.7519627,2025-07-15 11:09:24.574,816.0,1,11,29,2,0.258819045102521,-0.9659258262890682,0.7818314824680291,0.6234898018587344,0.23931566428755774,0.970941817426052,4.009543768846886,6.7519627,-2.7424189311531144
1003730441,3cd9aeaa-76f8-11ee-8860-08c0eb32014b,РЦ СБЛ ВЛГ-2 WMS,2.94176456666667,2025-06-22 05:58:29.054,1344.0,1,5,25,0,0.9659258262890683,0.25881904510252074,-0.43388373911755734,-0.9009688679024195,0.0,1.0,2.9262675889085483,2.9417645666666705,-0.015496977758122199
1003880645,3cd9aeaa-76f8-11ee-8860-08c0eb32014b,РЦ СБЛ СМР,5.85232655,2025-09-09 11:15:10.177,2208.0,1,11,37,2,0.258819045102521,-0.9659258262890682,0.974927912181824,-0.22252093395631314,0.23931566428755774,0.970941817426052,5.175256132803269,5.85232655,-0.677070417196731
1003660670,a478fb2c-733c-11ea-bca4-0050560306e1,РЦ СБЛ ВЛГ-2 WMS,4.08125715,2025-05-19 09:10:23.150,1356.0,1,9,21,1,0.7071067811865476,-0.7071067811865475,-7.347880794884119e-16,1.0,0.12053668025532305,0.992708874098054,4.785375942601108,4.08125715,0.7041187926011085
1003771038,3cd9aeaa-76f8-11ee-8860-08c0eb32014b,РЦ СБЛ ВЛГ-2 WMS,2.16157783333333,2025-07-13 05:40:58.347,408.0,1,5,28,0,0.9659258262890683,0.25881904510252074,-9.797174393178826e-16,1.0,0.0,1.0,2.720340941684831,2.1615778333333306,0.5587631083515006
1003798720,dd0df3c5-e7cb-11ec-ae71-08c0eb320147,РЦ СБЛ ВЛГ-2 WMS,16.16265615,2025-07-25 09:01:29.207,7440.0,3,9,30,5,0.7071067811865476,-0.7071067811865475,0.9749279121818246,-0.22252093395630992,0.5680647467311558,0.8229838658936564,19.537930759036534,16.16265615,3.375274609036534
1003881517,e0126b4f-d4f1-11eb-85ac-1c34dae33151,РЦ СБЛ НН,2.63978475,2025-09-06 11:37:59.597,630.0,2,11,36,6,0.258819045102521,-0.9659258262890682,0.781831482468029,0.6234898018587345,0.6631226582407952,0.7485107481711011,4.811077867104148,2.6397847499999996,2.171293117104148
1003883049,ae51b1d8-31f5-11ee-885f-08c0eb32014b,РЦ СБЛ ВРЖ Нечаевка,1.44499463333333,2025-09-14 08:21:32.514,3120.0,1,8,37,0,0.8660254037844387,-0.49999999999999983,0.974927912181824,-0.22252093395631314,0.0,1.0,10.419459546678095,1.4449946333333297,8.974464913344764
1003840292,a478fb2c-733c-11ea-bca4-0050560306e1,РЦ СБЛ НН,14.8031566,2025-08-19 15:52:13.462,2364.0,1,15,34,2,-0.7071067811865471,-0.7071067811865479,-0.7818314824680284,0.6234898018587354,0.23931566428755774,0.970941817426052,8.587324149072396,14.803156599999996,-6.2158324509276
1003875266,e9912507-fb18-11ee-b973-08c0eb32008b,РЦ СБЛ ВРЖ Нечаевка,4.09375843333333,2025-09-12 10:55:11.551,1400.0,1,10,37,5,0.49999999999999994,-0.8660254037844387,0.974927912181824,-0.22252093395631314,0.5680647467311558,0.8229838658936564,5.15469141206793,4.09375843333333,1.0609329787345994
1003902014,5710771d-887c-11eb-85a3-1c34dae33151,РЦ СБЛ СМР,8.3954826,2025-09-16 10:52:26.772,4416.0,4,10,38,2,0.49999999999999994,-0.8660254037844387,0.43388373911755934,-0.9009688679024186,0.23931566428755774,0.970941817426052,15.207655007977616,8.3954826,6.8121724079776165
1003875668,5c37154a-c40f-11ed-ae77-08c0eb320147,РЦ СБЛ УФА-2,38.4701306333333,2025-09-05 10:34:19.740,3072.0,2,10,36,5,0.49999999999999994,-0.8660254037844387,0.781831482468029,0.6234898018587345,0.5680647467311558,0.8229838658936564,6.375249405055393,38.4701306333333,-32.094881228277906
1003628245,3cd9aeaa-76f8-11ee-8860-08c0eb32014b,РЦ СБЛ ВЛГ-2 WMS,2.36128498333333,2025-05-04 08:56:21.332,2688.0,1,8,18,0,0.8660254037844387,-0.49999999999999983,-0.43388373911755757,-0.9009688679024194,0.0,1.0,4.229279552833744,2.3612849833333303,1.8679945695004139
1003850316,718f5685-c732-11ed-ae77-08c0eb320147,РЦ СБЛ СМР,52.5114371833333,2025-08-23 04:42:42.382,7592.0,1,4,34,6,0.8660254037844386,0.5000000000000001,-0.7818314824680284,0.6234898018587354,0.6631226582407952,0.7485107481711011,8.948041923517176,52.51143718333331,-43.56339525981613
1003698296,718f5685-c732-11ed-ae77-08c0eb320147,РЦ СБЛ ВЛГ-2 WMS,8.22119636666667,2025-06-07 07:37:13.491,3840.0,1,7,23,6,0.9659258262890683,-0.25881904510252063,0.9749279121818238,-0.22252093395631362,0.6631226582407952,0.7485107481711011,6.732512949050657,8.22119636666667,-1.4886834176160129
1003882234,a478fb2c-733c-11ea-bca4-0050560306e1,РЦ СБЛ ВРЖ Нечаевка,9.76919305,2025-09-09 12:04:31.688,4224.0,1,12,37,2,1.2246467991473532e-16,-1.0,0.974927912181824,-0.22252093395631314,0.23931566428755774,0.970941817426052,14.384683799392663,9.769193050000002,4.615490749392661
1003746202,dd0df3c5-e7cb-11ec-ae71-08c0eb320147,РЦ СБЛ РНД-2,44.0772289666667,2025-06-27 05:31:50.439,10578.0,2,5,26,5,0.9659258262890683,0.25881904510252074,-0.9749279121818242,-0.22252093395631184,0.5680647467311558,0.8229838658936564,13.35473380601546,44.0772289666667,-30.722495160651242
1003807286,718f5685-c732-11ed-ae77-08c0eb320147,РЦ СБЛ РНД-2,5.04778606666667,2025-08-01 05:32:11.528,3456.0,1,5,31,5,0.9659258262890683,0.25881904510252074,0.4338837391175591,-0.9009688679024187,0.5680647467311558,0.8229838658936564,6.986895362456234,5.047786066666671,1.9391092957895637
1003845646,29966288-1e27-11ed-885a-08c0eb32014b,РЦ СБЛ ВЛГ-2 WMS,8.30782921666667,2025-08-17 09:06:46.467,5040.0,3,9,33,0,0.7071067811865476,-0.7071067811865475,-0.9749279121818234,-0.22252093395631553,0.0,1.0,14.059949447351086,8.307829216666669,5.752120230684417
1003899956,a0f1e6e9-5010-11f0-a97c-be3af2b6059f,РЦ СБЛ КНД-3,15.2291233666667,2025-09-15 10:27:02.944,3648.0,1,10,38,1,0.49999999999999994,-0.8660254037844387,0.43388373911755934,-0.9009688679024186,0.12053668025532305,0.992708874098054,14.305554404802571,15.2291233666667,-0.9235689618641292
1003858795,29966288-1e27-11ed-885a-08c0eb32014b,РЦ СБЛ РНД-2,5.6788327,2025-08-27 13:27:11.943,4536.0,1,13,35,3,-0.2588190451025208,-0.9659258262890683,-1.2246467991473533e-15,1.0,0.3546048870425356,0.9350162426854148,7.806539636897781,5.6788327,2.1277069368977806
1003859264,29966288-1e27-11ed-885a-08c0eb32014b,РЦ СБЛ НСК,2.26489245,2025-08-28 05:16:55.985,3024.0,1,5,35,4,0.9659258262890683,0.25881904510252074,-1.2246467991473533e-15,1.0,0.4647231720437685,0.8854560256532099,5.025128911413588,2.2648924499999996,2.760236461413588
1003893158,718f5685-c732-11ed-ae77-08c0eb320147,РЦ СБЛ РНД-2,14.64750105,2025-09-12 06:33:29.714,3368.0,1,6,37,5,1.0,6.123233995736766e-17,0.974927912181824,-0.22252093395631314,0.5680647467311558,0.8229838658936564,5.351910309387962,14.64750105,-9.295590740612038
1003637340,141f3c79-76a9-11eb-85a3-1c34dae33151,РЦ СБЛ ВЛГ-2 WMS,1.15603623333333,2025-05-15 08:40:46.867,1008.0,1,8,20,4,0.8660254037844387,-0.49999999999999983,-0.7818314824680302,0.6234898018587329,0.4647231720437685,0.8854560256532099,3.7064352577007984,1.15603623333333,2.5503990243674686
1003881268,cfad39c9-bd3e-11eb-85ab-1c34dae33151,РЦ СБЛ ВЛГ-2 WMS,7.77226283333333,2025-09-04 13:20:38.504,5856.0,3,13,36,4,-0.2588190451025208,-0.9659258262890683,0.781831482468029,0.6234898018587345,0.4647231720437685,0.8854560256532099,21.285517317553943,7.772262833333329,13.513254484220614
1003628252,3cd9aeaa-76f8-11ee-8860-08c0eb32014b,РЦ СБЛ ВЛГ-2 WMS,4.11190813333333,2025-05-11 07:25:34.146,2688.0,1,7,19,0,0.9659258262890683,-0.25881904510252063,-0.9749279121818235,-0.22252093395631506,0.0,1.0,3.946760699811663,4.11190813333333,-0.16514743352166672
