receipt_id,start_hour,start_day,start_week,start_weekday,warehouse_name,supplier_id,inbnd_type,sku_category_level_4_nm,sku_category_cnt,inbnd_duration_min,predicted_time,actual_time,error
1003873815,9,2,36,2,РЦ СБЛ НСК,a6ef32dc-76e3-11e9-80c5-0cc47a817925,Хранение от поставщика,"Газированные питьевые воды от 0,8л до 3л",4032.0,3.63164756227979,15.580618418602382,3.6316475622797904,11.948970856322592
1003882216,5,16,38,2,РЦ СБЛ ТМН,a478fb2c-733c-11ea-bca4-0050560306e1,Кросс-док,Энергетические напитки,456.0,3.38110748333333,2.1381632929427057,3.38110748333333,-1.2429441903906242
1003846125,7,21,34,4,РЦ СБЛ ВЛГ-2 WMS,875bbabf-ba1c-11eb-85ab-1c34dae33151,Хранение от поставщика,"Квас от 0,8л",1536.0,3.62412360461825,3.2326474911378575,3.6241236046182497,-0.39147611348039213
1003890674,6,14,37,0,РЦ СБЛ НСК,5c37154a-c40f-11ed-ae77-08c0eb320147,Хранение от поставщика,"Газированные напитки от 0,8л",3132.0,5.42195520057034,12.083143704845106,5.42195520057034,6.661188504274766
1003712906,8,11,24,3,РЦ СБЛ ВЛГ-2 WMS,8d590545-fff9-11eb-a0ee-ec0d9a21b021,Хранение от поставщика,"Негазированные питьевые воды менее 0,8л",12.0,0.419119406787763,0.42346913312306395,0.419119406787763,0.004349726335300952
1003791756,11,25,30,5,РЦ СБЛ РНД-2,f867fb96-d63d-11ea-8598-1c34dae33151,Хранение от поставщика,"Негазированные питьевые воды менее 0,8л",1512.0,5.82681801312217,6.510430027471895,5.82681801312217,0.6836120143497251
1003843143,9,14,33,4,РЦ СБЛ РНД-2,8d590545-fff9-11eb-a0ee-ec0d9a21b021,Хранение от поставщика,"Газированные напитки от 0,8л",438.0,2.58447648699051,3.1968813113055012,2.5844764869905106,0.6124048243149907
1003851361,7,25,35,1,РЦ СБЛ СМР,a6ef32dc-76e3-11e9-80c5-0cc47a817925,Хранение от поставщика,"Воды минеральные от 0,8л до 3л",504.0,5.1882113222395,1.6851273490406204,5.188211322239499,-3.5030839731988785
1003783062,12,17,29,4,РЦ СБЛ НН,875bbabf-ba1c-11eb-85ab-1c34dae33151,Хранение от поставщика,"Газированные напитки менее 0,8л",912.0,2.42274459400353,4.412595949882422,2.4227445940035306,1.9898513558788915
1003847691,8,22,34,5,РЦ СБЛ УФА-2,5c37154a-c40f-11ed-ae77-08c0eb320147,Хранение от поставщика,"Газированные напитки менее 0,8л",1296.0,1.75713903263598,5.163781460163752,1.75713903263598,3.406642427527772
1003772336,8,11,28,5,РЦ СБЛ ТМН,875bbabf-ba1c-11eb-85ab-1c34dae33151,Хранение от поставщика,"Газированные напитки от 0,8л",2061.0,4.86860622736196,8.47710988674911,4.868606227361961,3.608503659387149
1003886831,3,12,37,5,РЦ СБЛ НСК,29966288-1e27-11ed-885a-08c0eb32014b,Хранение от поставщика,"Негазированные питьевые воды от 0,8л до 3л",3024.0,4.52894505304348,11.124970709605137,4.528945053043479,6.5960256565616575
1003895100,11,12,37,5,РЦ СБЛ КНД-3,a122042b-f9c7-11ea-8599-1c34dae33151,Хранение от поставщика,"Воды минеральные менее 0,8л",1600.0,2.37583933333333,3.5180404648212766,2.3758393333333294,1.1422011314879472
1003864347,10,1,36,1,РЦ СБЛ ВЛГ-2 WMS,6876d873-0939-11ef-8861-08c0eb32014b,Хранение от поставщика,Холодный кофе,132.0,3.9547578,0.667164970889193,3.9547578,-3.2875928291108067
1003698485,2,4,23,3,РЦ СБЛ КСК,0bd913d9-4b82-11ec-85ad-1c34dae33151,Хранение от поставщика,"Газированные напитки менее 0,8л",12.0,0.068922301592719,0.2551590995774138,0.068922301592719,0.18623679798469478
1003759426,7,3,27,4,РЦ СБЛ РНД-2,8d590545-fff9-11eb-a0ee-ec0d9a21b021,Хранение от поставщика,Негазированные питьевые воды от 3л,2280.0,65.1073635269784,9.977791988186622,65.10736352697843,-55.12957153879181
1003871127,8,29,35,5,РЦ СБЛ СМР,e9e96750-80a9-11eb-85a3-1c34dae33151,Хранение от поставщика,"Воды минеральные от 0,8л до 3л",4248.0,11.5845607369925,8.896281403259184,11.584560736992497,-2.6882793337333126
1003873578,12,4,36,4,РЦ СБЛ ВРЖ Нечаевка,f867fb96-d63d-11ea-8598-1c34dae33151,Хранение от поставщика,Негазированные питьевые воды от 3л,912.0,1.98310516749117,3.069223501545097,1.9831051674911702,1.0861183340539269
1003847691,8,22,34,5,РЦ СБЛ УФА-2,5c37154a-c40f-11ed-ae77-08c0eb320147,Хранение от поставщика,"Газированные напитки от 0,8л",1572.0,2.13134456736402,6.292523071164804,2.13134456736402,4.161178503800784
1003900325,8,13,37,6,РЦ СБЛ СМР,9a1e1ba8-211b-11ec-a0ee-ec0d9a21b021,Кросс-док,"Соки и нектары более 0,5л и до 1,5л",4464.0,8.66339836666667,10.408357843418955,8.66339836666667,1.7449594767522854
1003577738,12,11,15,5,РЦ СБЛ ВЛГ-2 WMS,a6ef32dc-76e3-11e9-80c5-0cc47a817925,Кросс-док,"Холодные чаи от 0,8л",600.0,2.89618046666667,3.4742539553976712,2.89618046666667,0.5780734887310013
1003896711,9,14,37,0,РЦ СБЛ КНД-3,4d0c5473-7955-11e9-80c5-0cc47a817925,Хранение от поставщика,"Газированные питьевые воды от 0,8л до 3л",630.0,3.31029615803864,3.2670382899929913,3.3102961580386405,-0.04325786804564924
1003801186,10,24,30,4,РЦ СБЛ РНД-2,8d590545-fff9-11eb-a0ee-ec0d9a21b021,Хранение от поставщика,"Негазированные питьевые воды менее 0,8л",408.0,2.98714134301676,4.2565290297396166,2.98714134301676,1.2693876867228564
1003837530,13,14,33,4,РЦ СБЛ ВЛГ-2 WMS,fe37e020-bf16-11ed-ae77-08c0eb320147,Хранение от поставщика,"Соки и нектары более 0,5л и до 1,5л",720.0,2.8511067,2.717676468638854,2.8511066999999994,-0.1334302313611455
1003863996,11,29,35,5,РЦ СБЛ РНД-2,718f5685-c732-11ed-ae77-08c0eb320147,Хранение от поставщика,"Газированные напитки от 0,8л",1536.0,5.64606395,4.511072768144724,5.64606395,-1.134991181855276
1003883303,10,8,37,1,РЦ СБЛ КНД-3,5c37154a-c40f-11ed-ae77-08c0eb320147,Кросс-док,"Вкусовые питьевые воды менее 0,8л",2832.0,2.0988707,8.334444284854715,2.0988706999999995,6.235573584854716
1003875003,7,2,36,2,РЦ СБЛ НСК,0bd913d9-4b82-11ec-85ad-1c34dae33151,Хранение от поставщика,"Холодные чаи менее 0,8л",36.0,0.302576564409222,0.43454407483618873,0.302576564409222,0.13196751042696675
1003848762,9,21,34,4,РЦ СБЛ НН,4d0c5473-7955-11e9-80c5-0cc47a817925,Хранение от поставщика,"Негазированные питьевые воды от 0,8л до 3л",1200.0,4.46939345561594,5.280367294114854,4.46939345561594,0.8109738384989145
1003793549,6,25,30,5,РЦ СБЛ РНД-2,718f5685-c732-11ed-ae77-08c0eb320147,Хранение от поставщика,"Газированные напитки от 0,8л",3072.0,4.23815671666667,8.786557723220906,4.23815671666667,4.5484010065542355
1003642774,9,8,19,4,РЦ СБЛ ВЛГ-2 WMS,fe37e020-bf16-11ed-ae77-08c0eb320147,Хранение от поставщика,Морсы,180.0,2.282276078125,1.2734768505928766,2.282276078125,-1.0087992275321236
1003837531,13,14,33,4,РЦ СБЛ ВЛГ-2 WMS,fe37e020-bf16-11ed-ae77-08c0eb320147,Кросс-док,"Соки и нектары более 0,5л и до 1,5л",2328.0,5.16075468333333,5.547542964346172,5.16075468333333,0.3867882810128416
1003865947,7,31,35,0,РЦ СБЛ СМР,a122042b-f9c7-11ea-8599-1c34dae33151,Хранение от поставщика,"Воды минеральные от 0,8л до 3л",2580.0,2.15140392942584,3.571061112884229,2.1514039294258405,1.4196571834583884
1003902881,8,16,38,2,РЦ СБЛ ВРЖ Нечаевка,f867fb96-d63d-11ea-8598-1c34dae33151,Хранение от поставщика,"Вкусовые питьевые воды от 0,8л",150.0,0.580838156375502,1.5483664499487355,0.580838156375502,0.9675282935732336
1003796877,7,27,30,0,РЦ СБЛ ВЛГ-2 WMS,3cd9aeaa-76f8-11ee-8860-08c0eb32014b,Хранение от поставщика,Энергетические напитки,1344.0,2.2571711,2.573539648888326,2.2571711,0.3163685488883261
1003783063,12,17,29,4,РЦ СБЛ НН,875bbabf-ba1c-11eb-85ab-1c34dae33151,Кросс-док,"Газированные напитки от 0,8л",1422.0,2.57628521666667,8.204488226565077,2.57628521666667,5.6282030098984075
1003858805,11,25,35,1,РЦ СБЛ СМР,5c37154a-c40f-11ed-ae77-08c0eb320147,Хранение от поставщика,"Газированные напитки от 0,8л",3060.0,8.35011172340426,14.638239889938829,8.350111723404257,6.288128166534571
1003886853,6,11,37,4,РЦ СБЛ РНД-2,29966288-1e27-11ed-885a-08c0eb32014b,Хранение от поставщика,"Воды минеральные от 0,8л до 3л",2016.0,5.42527543901774,3.7299225524431914,5.42527543901774,-1.6953528865745482
1003896311,8,16,38,2,РЦ СБЛ СМР,3cd9aeaa-76f8-11ee-8860-08c0eb32014b,Хранение от поставщика,"Вкусовые питьевые воды менее 0,8л",792.0,1.42563213706897,1.8720422541119492,1.42563213706897,0.4464101170429793
1003879141,8,11,37,4,РЦ СБЛ КСК,718f5685-c732-11ed-ae77-08c0eb320147,Хранение от поставщика,"Газированные напитки от 0,8л",5664.0,62.3685722166667,15.470555367199946,62.36857221666671,-46.89801684946677
1003843152,4,21,34,4,РЦ СБЛ СМР,a6ef32dc-76e3-11e9-80c5-0cc47a817925,Хранение от поставщика,Негазированные питьевые воды от 3л,3588.0,57.26083725,12.771481203747424,57.26083724999999,-44.48935604625257
1003621392,7,25,17,5,РЦ СБЛ ТМН,875bbabf-ba1c-11eb-85ab-1c34dae33151,Кросс-док,"Газированные напитки от 0,8л",2592.0,11.7481877522727,8.920218224478411,11.748187752272703,-2.8279695277942913
1003760167,9,6,27,0,РЦ СБЛ РНД-2,c1ae6f0a-ee93-11ea-8599-1c34dae33151,Хранение от поставщика,"Воды минеральные от 0,8л до 3л",2700.0,4.11629110026042,5.981892221668766,4.11629110026042,1.8656011214083463
1003784226,10,21,30,1,РЦ СБЛ ВЛГ-2 WMS,a478fb2c-733c-11ea-bca4-0050560306e1,Хранение от поставщика,Энергетические напитки,1596.0,10.1502191666667,4.804549685363113,10.1502191666667,-5.345669481303587
1003712895,9,11,24,3,РЦ СБЛ НН,4d0c5473-7955-11e9-80c5-0cc47a817925,Хранение от поставщика,Негазированные питьевые воды от 3л,3040.0,17.4045885946667,18.173496350904554,17.4045885946667,0.768907756237855
1003886831,3,12,37,5,РЦ СБЛ НСК,29966288-1e27-11ed-885a-08c0eb32014b,Хранение от поставщика,"Воды минеральные от 0,8л до 3л",1008.0,1.50964835101449,3.4281932111455795,1.50964835101449,1.9185448601310895
1003896711,9,14,37,0,РЦ СБЛ КНД-3,4d0c5473-7955-11e9-80c5-0cc47a817925,Хранение от поставщика,"Негазированные питьевые воды от 0,8л до 3л",1920.0,10.0885216244987,8.585359276195662,10.0885216244987,-1.5031623483030376
1003878464,3,5,36,5,РЦ СБЛ НСК,a6ef32dc-76e3-11e9-80c5-0cc47a817925,Хранение от поставщика,"Холодные чаи от 0,8л",696.0,1.83361151666667,2.873490770279398,1.8336115166666698,1.0398792536127281
1003666013,7,20,21,2,РЦ СБЛ ВЛГ-2 WMS,29966288-1e27-11ed-885a-08c0eb32014b,Хранение от поставщика,"Воды минеральные от 0,8л до 3л",2016.0,1.43590765075034,3.530845355754684,1.4359076507503403,2.0949377050043436
1003821745,6,9,32,6,РЦ СБЛ НН,b816da60-c690-11ea-b7de-0050560306e1,Кросс-док,"Квас от 0,8л",648.0,2.71749126818182,3.839651133972808,2.7174912681818197,1.1221598657909881
1003723753,11,19,25,4,РЦ СБЛ НН,f867fb96-d63d-11ea-8598-1c34dae33151,Хранение от поставщика,"Вкусовые питьевые воды от 0,8л",84.0,3.62135283872305,2.631290641299915,3.6213528387230496,-0.9900621974231347
1003851361,7,25,35,1,РЦ СБЛ СМР,a6ef32dc-76e3-11e9-80c5-0cc47a817925,Хранение от поставщика,"Газированные напитки менее 0,8л",252.0,2.59410566111975,1.6230455342857182,2.5941056611197504,-0.9710601268340322
1003880604,4,14,37,0,РЦ СБЛ НСК,3cd9aeaa-76f8-11ee-8860-08c0eb32014b,Хранение от поставщика,"Вкусовые питьевые воды менее 0,8л",984.0,1.12154206989474,2.7384555928737417,1.12154206989474,1.6169135229790017
1003878748,5,3,36,3,РЦ СБЛ КСК,0bd913d9-4b82-11ec-85ad-1c34dae33151,Хранение от поставщика,"Газированные напитки менее 0,8л",84.0,0.333280317771374,0.7089063333253266,0.333280317771374,0.3756260155539526
1003626611,6,1,18,4,РЦ СБЛ ВЛГ-2 WMS,875bbabf-ba1c-11eb-85ab-1c34dae33151,Хранение от поставщика,"Квас от 0,8л",4704.0,7.36899863577558,13.373749590461054,7.368998635775581,6.004750954685473
1003676201,10,22,21,4,РЦ СБЛ ВЛГ-2 WMS,cfad39c9-bd3e-11eb-85ab-1c34dae33151,Хранение от поставщика,"Воды минеральные от 0,8л до 3л",3528.0,160.131232138889,8.784988206316052,160.13123213888898,-151.34624393257292
1003863300,8,27,35,3,РЦ СБЛ НСК,3f86f1f4-2a8e-11ed-b106-08c0eb31fffb,Хранение от поставщика,Негазированные питьевые воды от 3л,10.0,0.101523364689045,0.6611774313439861,0.101523364689045,0.5596540666549411
1003726157,14,21,25,6,РЦ СБЛ НН,29966288-1e27-11ed-885a-08c0eb32014b,Хранение от поставщика,"Газированные питьевые воды от 0,8л до 3л",1008.0,1.11820965176471,4.365695361722627,1.11820965176471,3.2474857099579166
1003890694,8,12,37,5,РЦ СБЛ ВЛГ-2 WMS,5c37154a-c40f-11ed-ae77-08c0eb320147,Кросс-док,"Вкусовые питьевые воды менее 0,8л",2316.0,2.76267158333333,4.311988141473362,2.76267158333333,1.549316558140032
1003845646,9,17,33,0,РЦ СБЛ ВЛГ-2 WMS,29966288-1e27-11ed-885a-08c0eb32014b,Хранение от поставщика,"Негазированные питьевые воды от 0,8л до 3л",2016.0,3.32313168666667,6.253714649459352,3.3231316866666694,2.9305829627926823
1003875003,7,2,36,2,РЦ СБЛ НСК,0bd913d9-4b82-11ec-85ad-1c34dae33151,Хранение от поставщика,Безалкогольное пиво,192.0,1.61374167684918,1.9552846171762126,1.61374167684918,0.3415429403270327
1003819507,7,8,32,5,РЦ СБЛ ВЛГ-2 WMS,5c37154a-c40f-11ed-ae77-08c0eb320147,Хранение от поставщика,"Газированные напитки от 0,8л",960.0,1.66840473333333,3.8000842692858514,1.6684047333333303,2.131679535952521
1003585896,7,11,15,5,РЦ СБЛ ВЛГ-2 WMS,b816da60-c690-11ea-b7de-0050560306e1,Хранение от поставщика,"Квас менее 0,8л",45.0,0.370267319327731,0.9219768637165732,0.37026731932773094,0.5517095443888422
1003613081,6,25,17,5,РЦ СБЛ ВЛГ-2 WMS,b816da60-c690-11ea-b7de-0050560306e1,Хранение от поставщика,"Квас менее 0,8л",144.0,0.394362633333333,0.8731918685580635,0.394362633333333,0.47882923522473053
1003886759,13,10,37,3,РЦ СБЛ ВЛГ-2 WMS,29966288-1e27-11ed-885a-08c0eb32014b,Хранение от поставщика,"Негазированные питьевые воды от 0,8л до 3л",1008.0,0.7054105,4.069942399669654,0.7054105,3.364531899669654
1003715695,8,12,24,4,РЦ СБЛ НН,875bbabf-ba1c-11eb-85ab-1c34dae33151,Хранение от поставщика,"Газированные напитки от 0,8л",1665.0,13.0736539717125,12.59143146077735,13.073653971712503,-0.4822225109351521
1003676201,10,22,21,4,РЦ СБЛ ВЛГ-2 WMS,cfad39c9-bd3e-11eb-85ab-1c34dae33151,Хранение от поставщика,Негазированные питьевые воды от 3л,2280.0,103.486170429894,6.9474051028841615,103.48617042989405,-96.53876532700988
1003892637,12,12,37,5,РЦ СБЛ ВРЖ Нечаевка,fe37e020-bf16-11ed-ae77-08c0eb320147,Хранение от поставщика,Морсы,432.0,12.720950445,3.0100496395661986,12.720950445000001,-9.710900805433802
1003873578,12,4,36,4,РЦ СБЛ ВРЖ Нечаевка,f867fb96-d63d-11ea-8598-1c34dae33151,Хранение от поставщика,"Газированные напитки менее 0,8л",1380.0,3.00075124028269,1.9521410444855052,3.0007512402826895,-1.0486101957971843
1003858325,5,25,35,1,РЦ СБЛ СМР,5710771d-887c-11eb-85a3-1c34dae33151,Хранение от поставщика,"Газированные питьевые воды менее 0,8л",1080.0,6.56621788987138,4.075458540973855,6.56621788987138,-2.490759348897525
1003835871,7,14,33,4,РЦ СБЛ НН,4d0c5473-7955-11e9-80c5-0cc47a817925,Хранение от поставщика,"Негазированные питьевые воды от 0,8л до 3л",3600.0,10.5982700103734,15.966265043890992,10.5982700103734,5.367995033517593
1003756649,7,8,28,2,РЦ СБЛ ТМН,ded9af41-bbef-11ec-8857-08c0eb32014b,Хранение от поставщика,Энергетические напитки,1428.0,17.1965157,7.623105084663457,17.196515699999996,-9.573410615336538
1003766690,5,13,28,0,РЦ СБЛ ВЛГ-2 WMS,718f5685-c732-11ed-ae77-08c0eb320147,Хранение от поставщика,"Газированные напитки от 0,8л",3456.0,8.2764153,8.153434407164807,8.2764153,-0.12298089283519253
1003621392,7,25,17,5,РЦ СБЛ ТМН,875bbabf-ba1c-11eb-85ab-1c34dae33151,Кросс-док,"Газированные напитки менее 0,8л",1056.0,4.78629871388889,5.456299842254615,4.786298713888891,0.6700011283657243
1003784999,6,20,29,0,РЦ СБЛ ВЛГ-2 WMS,3cd9aeaa-76f8-11ee-8860-08c0eb32014b,Хранение от поставщика,Энергетические напитки,1128.0,2.51168163333333,2.9280264326886134,2.5116816333333296,0.4163447993552838
1003816928,13,6,32,3,РЦ СБЛ ВЛГ-2 WMS,29966288-1e27-11ed-885a-08c0eb32014b,Хранение от поставщика,"Воды минеральные от 0,8л до 3л",6552.0,10.6756897820649,14.753847446421474,10.6756897820649,4.078157664356574
1003671709,8,22,21,4,РЦ СБЛ ВЛГ-2 WMS,dd0df3c5-e7cb-11ec-ae71-08c0eb320147,Хранение от поставщика,"Газированные питьевые воды от 0,8л до 3л",2520.0,5.26281862226277,7.303891206494839,5.26281862226277,2.0410725842320687
1003753917,4,2,27,3,РЦ СБЛ КСК,0bd913d9-4b82-11ec-85ad-1c34dae33151,Хранение от поставщика,"Воды минеральные от 0,8л до 3л",66.0,0.528687692276423,1.1517982735604317,0.528687692276423,0.6231105812840088
1003848238,9,23,34,6,РЦ СБЛ УФА-2,a6ef32dc-76e3-11e9-80c5-0cc47a817925,Хранение от поставщика,Негазированные питьевые воды от 3л,1870.0,19.3004588259681,8.908281406267987,19.3004588259681,-10.392177419700113
1003899742,7,16,38,2,РЦ СБЛ СМР,a0f1e6e9-5010-11f0-a97c-be3af2b6059f,Хранение от поставщика,"Газированные напитки менее 0,8л",1824.0,1.31223395,3.44357836729995,1.31223395,2.13134441729995
1003833891,3,17,33,0,РЦ СБЛ УФА-2,a6ef32dc-76e3-11e9-80c5-0cc47a817925,Хранение от поставщика,"Негазированные питьевые воды от 0,8л до 3л",504.0,4.38177224478577,3.9319280593208097,4.38177224478577,-0.4498441854649604
1003902014,10,16,38,2,РЦ СБЛ СМР,5710771d-887c-11eb-85a3-1c34dae33151,Хранение от поставщика,"Негазированные питьевые воды от 0,8л до 3л",912.0,1.7338496673913,2.73402083245994,1.7338496673913,1.0001711650686402
1003860379,7,31,35,0,РЦ СБЛ ВРЖ Нечаевка,1c8d2a76-0139-11ef-b10b-08c0eb31fffb,Кросс-док,"Газированные напитки от 0,8л",1890.0,5.34323156578947,5.760980766734981,5.343231565789471,0.4177492009455106
1003864212,1,27,35,3,РЦ СБЛ КСК,0bd913d9-4b82-11ec-85ad-1c34dae33151,Хранение от поставщика,"Квас от 0,8л",510.0,6.02187208496486,2.678578386962752,6.021872084964859,-3.3432936980021073
1003869893,7,3,36,3,РЦ СБЛ СМР,b816da60-c690-11ea-b7de-0050560306e1,Хранение от поставщика,"Квас от 0,8л",1944.0,14.0710002,7.509720339256974,14.071000199999999,-6.561279860743024
1003870013,5,31,35,0,РЦ СБЛ СМР,29966288-1e27-11ed-885a-08c0eb32014b,Хранение от поставщика,"Воды минеральные менее 0,8л",0.0,0.0,0.1584921205202703,0.0,0.1584921205202703
1003770121,11,10,28,4,РЦ СБЛ ВЛГ-2 WMS,cfad39c9-bd3e-11eb-85ab-1c34dae33151,Хранение от поставщика,"Газированные питьевые воды от 0,8л до 3л",1008.0,0.702202937662338,2.6278853445532,0.702202937662338,1.9256824068908622
1003809682,7,28,31,1,РЦ СБЛ ВЛГ-2 WMS,cfad39c9-bd3e-11eb-85ab-1c34dae33151,Хранение от поставщика,"Воды минеральные от 0,8л до 3л",1512.0,4.86226653547297,2.1217141524195786,4.862266535472971,-2.740552383053392
1003902995,9,14,37,0,РЦ СБЛ ВРЖ Нечаевка,909578fd-648e-11ef-ae7a-08c0eb320147,Хранение от РЦ,Энергетические напитки,1908.0,6.92435949396028,4.264708931532861,6.924359493960281,-2.6596505624274194
1003791515,3,27,30,0,РЦ СБЛ ТМН,29966288-1e27-11ed-885a-08c0eb32014b,Хранение от поставщика,"Воды минеральные от 0,8л до 3л",3024.0,9.62433026024096,11.331782268996767,9.624330260240962,1.707452008755805
1003869517,8,27,35,3,РЦ СБЛ РНД-2,dd0df3c5-e7cb-11ec-ae71-08c0eb320147,Хранение от поставщика,"Газированные питьевые воды от 0,8л до 3л",4530.0,74.1504245374912,16.62961832680579,74.15042453749118,-57.520806210685386
1003839815,12,17,33,0,РЦ СБЛ ВЛГ-2 WMS,3cd9aeaa-76f8-11ee-8860-08c0eb32014b,Кросс-док,"Газированные напитки менее 0,8л",2328.0,2.21015891666667,5.0753164116116185,2.21015891666667,2.8651574949449485
1003887783,8,10,37,3,РЦ СБЛ ВЛГ-2 WMS,a6ef32dc-76e3-11e9-80c5-0cc47a817925,Хранение от поставщика,Газированные питьевые воды от 3л,336.0,4.43014564158544,1.9018786479931673,4.43014564158544,-2.528266993592273
1003859811,7,28,35,4,РЦ СБЛ ВЛГ-2 WMS,875bbabf-ba1c-11eb-85ab-1c34dae33151,Хранение от поставщика,"Квас от 0,8л",384.0,0.537582076482136,1.1021944416754312,0.537582076482136,0.5646123651932953
1003765356,3,11,28,5,РЦ СБЛ ТМН,29966288-1e27-11ed-885a-08c0eb32014b,Хранение от поставщика,"Газированные питьевые воды от 0,8л до 3л",504.0,1.4128009359292,2.479783624762267,1.4128009359292,1.0669826888330671
1003809179,7,1,31,5,РЦ СБЛ НН,29966288-1e27-11ed-885a-08c0eb32014b,Хранение от поставщика,"Газированные питьевые воды от 0,8л до 3л",1008.0,2.5376890125,7.667996255192868,2.5376890125,5.130307242692869
1003578655,9,7,15,1,РЦ СБЛ ВЛГ-2 WMS,a478fb2c-733c-11ea-bca4-0050560306e1,Кросс-док,Энергетические напитки,996.0,4.11548463333333,3.630945763051607,4.11548463333333,-0.48453887028172327
1003846136,6,21,34,4,РЦ СБЛ РНД-2,875bbabf-ba1c-11eb-85ab-1c34dae33151,Кросс-док,"Газированные напитки от 0,8л",621.0,0.694371583333333,2.7100109927576064,0.6943715833333329,2.0156394094242733
1003777001,5,17,29,4,РЦ СБЛ РНД-2,875bbabf-ba1c-11eb-85ab-1c34dae33151,Хранение от поставщика,"Газированные напитки менее 0,8л",72.0,0.102502305564924,0.8960450016144613,0.102502305564924,0.7935426960495373
1003878446,5,7,36,0,РЦ СБЛ ВРЖ Нечаевка,29966288-1e27-11ed-885a-08c0eb32014b,Кросс-док,"Воды минеральные менее 0,8л",1740.0,2.54568768305085,2.4598881790514673,2.5456876830508497,-0.08579950399938241
1003845642,5,19,34,2,РЦ СБЛ РНД-2,29966288-1e27-11ed-885a-08c0eb32014b,Хранение от поставщика,"Воды минеральные от 0,8л до 3л",1512.0,2.0809622125,2.613151088145341,2.0809622125,0.5321888756453412
1003782960,6,23,30,3,РЦ СБЛ НН,a122042b-f9c7-11ea-8599-1c34dae33151,Хранение от поставщика,"Воды минеральные менее 0,8л",800.0,0.708987483234714,1.0110224325522355,0.7089874832347139,0.3020349493175215
1003850893,6,30,35,6,РЦ СБЛ КСК,fe37e020-bf16-11ed-ae77-08c0eb320147,Кросс-док,Морсы,144.0,1.60004105,1.3639594818475695,1.6000410499999997,-0.2360815681524302
1003772339,5,14,29,1,РЦ СБЛ ВЛГ-2 WMS,f9b41e55-548c-11ea-879c-0050560306e1,Хранение от поставщика,"Газированные напитки менее 0,8л",1824.0,7.63757935,3.2197229263727616,7.63757935,-4.417856423627239
1003812898,10,2,31,6,РЦ СБЛ ВЛГ-2 WMS,c1ae6f0a-ee93-11ea-8599-1c34dae33151,Хранение от поставщика,"Воды минеральные от 0,8л до 3л",2025.0,1.28010918200837,3.6966414890949153,1.28010918200837,2.416532307086545
1003790155,9,25,30,5,РЦ СБЛ РНД-2,29966288-1e27-11ed-885a-08c0eb32014b,Хранение от поставщика,"Газированные питьевые воды от 0,8л до 3л",1008.0,0.646990891111111,4.1892351874316045,0.646990891111111,3.5422442963204936
1003736105,5,26,26,4,РЦ СБЛ ВЛГ-2 WMS,875bbabf-ba1c-11eb-85ab-1c34dae33151,Хранение от поставщика,"Газированные напитки от 0,8л",441.0,1.32758981916462,1.2674104092398264,1.32758981916462,-0.06017940992479365
1003885530,5,10,37,3,РЦ СБЛ СМР,a6ef32dc-76e3-11e9-80c5-0cc47a817925,Хранение от поставщика,"Вкусовые питьевые воды от 0,8л",1512.0,5.360438048,5.592823439882984,5.360438048,0.23238539188298457
1003700791,9,11,24,3,РЦ СБЛ НН,6d6798d6-3f3a-11e9-80c5-0cc47a817925,Хранение от поставщика,"Холодные чаи от 0,8л",3528.0,6.50462439458599,9.409341069596273,6.504624394585991,2.904716675010282
1003728579,12,22,25,0,РЦ СБЛ НН,a122042b-f9c7-11ea-8599-1c34dae33151,Хранение от поставщика,"Воды минеральные менее 0,8л",800.0,1.49917209275362,2.429483081015555,1.49917209275362,0.9303109882619349
1003845742,10,19,34,2,РЦ СБЛ СМР,f867fb96-d63d-11ea-8598-1c34dae33151,Хранение от поставщика,"Газированные питьевые воды от 0,8л до 3л",504.0,3.85677792234273,3.54132967233336,3.8567779223427294,-0.3154482500093696
1003904675,7,16,38,2,РЦ СБЛ ВРЖ Нечаевка,8d590545-fff9-11eb-a0ee-ec0d9a21b021,Хранение от поставщика,"Негазированные питьевые воды от 0,8л до 3л",1974.0,6.33395103530793,8.115812670936727,6.333951035307929,1.7818616356287977
1003843143,9,14,33,4,РЦ СБЛ РНД-2,8d590545-fff9-11eb-a0ee-ec0d9a21b021,Хранение от поставщика,"Газированные питьевые воды от 0,8л до 3л",3942.0,23.2602883829146,20.58442612449315,23.2602883829146,-2.67586225842145
1003811855,9,8,32,5,РЦ СБЛ РНД-2,a478fb2c-733c-11ea-bca4-0050560306e1,Хранение от поставщика,Энергетические напитки,1344.0,9.80099568333333,3.5804744466509284,9.800995683333328,-6.2205212366824
1003880612,4,14,37,0,РЦ СБЛ НСК,3cd9aeaa-76f8-11ee-8860-08c0eb32014b,Кросс-док,Энергетические напитки,4008.0,2.24028471666667,9.856805296160838,2.2402847166666695,7.616520579494168
1003845315,5,29,35,5,РЦ СБЛ КСК,c766844d-edec-11ef-aa3a-be3af2b6059f,Кросс-док,Негазированные сокосодержащие напитки,1296.0,1.98837758333333,6.096423673579243,1.98837758333333,4.108046090245913
1003756448,11,3,27,4,РЦ СБЛ НН,875bbabf-ba1c-11eb-85ab-1c34dae33151,Хранение от поставщика,"Газированные напитки от 0,8л",3132.0,8.59657907321981,14.618049560513724,8.596579073219813,6.021470487293911
1003861011,3,26,35,2,РЦ СБЛ НСК,0bd913d9-4b82-11ec-85ad-1c34dae33151,Хранение от поставщика,"Газированные напитки менее 0,8л",192.0,0.851195359676768,0.956859448456882,0.8511953596767681,0.10566408878011391
1003850869,11,19,34,2,РЦ СБЛ РНД-2,8d590545-fff9-11eb-a0ee-ec0d9a21b021,Хранение от поставщика,"Газированные питьевые воды от 0,8л до 3л",1806.0,21.8540131658333,14.046916301564107,21.854013165833297,-7.807096864269191
1003717617,13,11,24,3,РЦ СБЛ ВЛГ-2 WMS,cfad39c9-bd3e-11eb-85ab-1c34dae33151,Хранение от поставщика,"Воды минеральные от 0,8л до 3л",5040.0,23.2517319222222,7.439777031136524,23.251731922222202,-15.811954891085678
1003801020,9,27,30,0,РЦ СБЛ УФА-2,67e22ba2-008a-11ee-885e-08c0eb32014b,Хранение от поставщика,Безалкогольное вино,180.0,17.21974915,3.200539822320195,17.219749150000002,-14.019209327679807
1003866008,7,31,35,0,РЦ СБЛ ВРЖ Нечаевка,3cd9aeaa-76f8-11ee-8860-08c0eb32014b,Кросс-док,Энергетические напитки,1776.0,6.83306485540984,3.866293002520814,6.833064855409841,-2.966771852889027
1003737150,6,27,26,5,РЦ СБЛ ВЛГ-2 WMS,b816da60-c690-11ea-b7de-0050560306e1,Хранение от поставщика,"Квас менее 0,8л",576.0,2.82559772820513,1.9326091501950422,2.82559772820513,-0.8929885780100879
1003872504,7,1,36,1,РЦ СБЛ СМР,5710771d-887c-11eb-85a3-1c34dae33151,Хранение от поставщика,"Негазированные питьевые воды от 0,8л до 3л",456.0,1.09573685922619,2.190089343716237,1.09573685922619,1.0943524844900472
1003890675,6,14,37,0,РЦ СБЛ НСК,5c37154a-c40f-11ed-ae77-08c0eb320147,Кросс-док,"Вкусовые питьевые воды менее 0,8л",3984.0,4.06659168333333,8.770368010101098,4.066591683333329,4.703776326767769
1003902650,7,13,37,6,РЦ СБЛ НСК,5c37154a-c40f-11ed-ae77-08c0eb320147,Хранение от поставщика,"Газированные напитки от 0,8л",576.0,1.96559591666667,3.080597806870969,1.9655959166666699,1.1150018902042993
1003861390,9,29,35,5,РЦ СБЛ ВЛГ-2 WMS,5c37154a-c40f-11ed-ae77-08c0eb320147,Хранение от поставщика,"Газированные напитки от 0,8л",960.0,5.90678460992908,3.0535296991388714,5.906784609929079,-2.8532549107902074
1003880536,7,7,36,0,РЦ СБЛ ВРЖ Нечаевка,3cd9aeaa-76f8-11ee-8860-08c0eb32014b,Кросс-док,"Вкусовые питьевые воды менее 0,8л",192.0,0.250091445862884,2.0917819418474224,0.250091445862884,1.8416904959845384
1003814788,4,10,32,0,РЦ СБЛ УФА-2,141f3c79-76a9-11eb-85a3-1c34dae33151,Хранение от поставщика,"Холодные чаи менее 0,8л",1536.0,8.18782753333333,8.728502428682585,8.18782753333333,0.5406748953492553
1003875053,5,2,36,2,РЦ СБЛ РНД-2,e1be0609-e680-11ee-8861-08c0eb32014b,Хранение от поставщика,"Газированные напитки от 0,8л",504.0,1.72525834605809,0.9972185889752019,1.7252583460580901,-0.7280397570828883
1003890691,7,12,37,5,РЦ СБЛ ВЛГ-2 WMS,5c37154a-c40f-11ed-ae77-08c0eb320147,Хранение от поставщика,"Газированные напитки от 0,8л",1416.0,9.12382922666667,4.303211724739591,9.12382922666667,-4.820617501927079
1003893521,3,11,37,4,РЦ СБЛ НСК,0bd913d9-4b82-11ec-85ad-1c34dae33151,Хранение от поставщика,"Газированные напитки менее 0,8л",216.0,0.493453075482094,1.1720058668988942,0.49345307548209405,0.6785527914168001
1003795664,2,23,30,3,РЦ СБЛ КСК,0bd913d9-4b82-11ec-85ad-1c34dae33151,Хранение от поставщика,"Воды минеральные от 0,8л до 3л",372.0,1.38023181239804,2.6657834881804128,1.38023181239804,1.2855516757823728
1003832752,3,12,33,2,РЦ СБЛ НСК,0bd913d9-4b82-11ec-85ad-1c34dae33151,Хранение от поставщика,Энергетические напитки,60.0,0.291452848129127,0.5758566696967657,0.29145284812912703,0.2844038215676387
1003822238,2,6,32,3,РЦ СБЛ КСК,0bd913d9-4b82-11ec-85ad-1c34dae33151,Кросс-док,Энергетические напитки,84.0,2.33627225131783,1.6935896302211502,2.3362722513178302,-0.6426826210966801
1003767077,8,9,28,3,РЦ СБЛ ВЛГ-2 WMS,8d590545-fff9-11eb-a0ee-ec0d9a21b021,Хранение от поставщика,Негазированные питьевые воды от 3л,2040.0,5.52319221666667,6.19491765580788,5.523192216666669,0.6717254391412109
1003723476,14,21,25,6,РЦ СБЛ НН,b816da60-c690-11ea-b7de-0050560306e1,Хранение от поставщика,"Квас менее 0,8л",288.0,2.91832712820513,2.7790901041191187,2.9183271282051306,-0.1392370240860119
1003796837,12,24,30,4,РЦ СБЛ НН,875bbabf-ba1c-11eb-85ab-1c34dae33151,Хранение от поставщика,"Квас от 0,8л",2304.0,4.76472957155555,11.356392928153543,4.76472957155555,6.5916633565979925
1003875003,7,2,36,2,РЦ СБЛ НСК,0bd913d9-4b82-11ec-85ad-1c34dae33151,Хранение от поставщика,"Газированные напитки от 0,8л",3126.0,26.2737316762008,11.69977282724738,26.273731676200796,-14.573958848953417
1003850720,6,26,35,2,РЦ СБЛ НН,29966288-1e27-11ed-885a-08c0eb32014b,Хранение от поставщика,"Воды минеральные от 0,8л до 3л",1512.0,4.01077751666667,3.0144997703550542,4.0107775166666695,-0.9962777463116153
1003885530,5,10,37,3,РЦ СБЛ СМР,a6ef32dc-76e3-11e9-80c5-0cc47a817925,Хранение от поставщика,"Газированные питьевые воды от 0,8л до 3л",1512.0,5.360438048,6.221861879262132,5.360438048,0.8614238312621323
1003881747,9,6,36,6,РЦ СБЛ НСК,a6ef32dc-76e3-11e9-80c5-0cc47a817925,Хранение от поставщика,Негазированные питьевые воды от 3л,1656.0,9.61639543317073,7.228476957106893,9.616395433170728,-2.3879184760638354
1003898180,6,11,37,4,РЦ СБЛ РНД-2,dd0df3c5-e7cb-11ec-ae71-08c0eb320147,Хранение от поставщика,"Газированные питьевые воды от 0,8л до 3л",4032.0,3.82741178666667,16.96298937016929,3.8274117866666697,13.13557758350262
1003811587,8,2,31,6,РЦ СБЛ НН,e0126b4f-d4f1-11eb-85ac-1c34dae33151,Хранение от поставщика,"Газированные напитки менее 0,8л",312.0,1.58733477142857,2.3178717254841383,1.58733477142857,0.7305369540555684
1003885847,11,3,36,3,РЦ СБЛ РНД-2,e1be0609-e680-11ee-8861-08c0eb32014b,Хранение от поставщика,"Газированные напитки от 0,8л",210.0,1.98148445,1.7443296787096254,1.98148445,-0.23715477129037454
1003865931,6,28,35,4,РЦ СБЛ НН,875bbabf-ba1c-11eb-85ab-1c34dae33151,Хранение от поставщика,"Газированные напитки от 0,8л",1593.0,3.94343142525326,4.838328804750289,3.9434314252532596,0.8948973794970296
1003906124,9,16,38,2,РЦ СБЛ ВРЖ Нечаевка,5710771d-887c-11eb-85a3-1c34dae33151,Хранение от поставщика,"Негазированные питьевые воды от 0,8л до 3л",456.0,0.767520121980676,1.3849405671454331,0.7675201219806759,0.6174204451647572
1003878106,4,12,37,5,РЦ СБЛ КСК,fe37e020-bf16-11ed-ae77-08c0eb320147,Кросс-док,Морсы,144.0,0.502526136666667,1.2219606119516502,0.502526136666667,0.7194344752849832
1003897312,6,14,37,0,РЦ СБЛ КНД-3,5c37154a-c40f-11ed-ae77-08c0eb320147,Хранение от поставщика,"Газированные напитки от 0,8л",1944.0,37.2006791914286,7.442754286445913,37.20067919142859,-29.75792490498268
1003880644,11,9,37,2,РЦ СБЛ СМР,3cd9aeaa-76f8-11ee-8860-08c0eb32014b,Хранение от поставщика,"Вкусовые питьевые воды менее 0,8л",688.0,9.39071853719564,3.8780630426023897,9.39071853719564,-5.51265549459325
1003881747,9,6,36,6,РЦ СБЛ НСК,a6ef32dc-76e3-11e9-80c5-0cc47a817925,Хранение от поставщика,"Холодные чаи от 0,8л",696.0,4.04167344292683,3.298705713998382,4.04167344292683,-0.7429677289284475
1003826634,13,16,33,6,РЦ СБЛ ВЛГ-2 WMS,67e22ba2-008a-11ee-885e-08c0eb32014b,Хранение от поставщика,"Воды минеральные менее 0,8л",48.0,1.40363303333333,0.5432574680715557,1.40363303333333,-0.8603755652617743
1003729612,7,1,27,2,РЦ СБЛ ТМН,a478fb2c-733c-11ea-bca4-0050560306e1,Кросс-док,Энергетические напитки,456.0,2.4811269,4.166432519224103,2.4811269,1.6853056192241032
1003782246,6,16,29,3,РЦ СБЛ РНД-2,29966288-1e27-11ed-885a-08c0eb32014b,Хранение от поставщика,"Воды минеральные менее 0,8л",870.0,2.20735841001065,1.989751035860521,2.20735841001065,-0.21760737415012898
1003782531,9,12,28,6,РЦ СБЛ НН,c1ae6f0a-ee93-11ea-8599-1c34dae33151,Хранение от поставщика,"Воды минеральные менее 0,8л",780.0,1.0735284228164,1.394334951774044,1.0735284228164,0.32080652895764405
1003634415,7,5,19,1,РЦ СБЛ ВЛГ-2 WMS,a478fb2c-733c-11ea-bca4-0050560306e1,Хранение от поставщика,Энергетические напитки,672.0,3.83647565,3.015344412741322,3.83647565,-0.8211312372586783
1003757791,6,17,29,4,РЦ СБЛ КСК,a478fb2c-733c-11ea-bca4-0050560306e1,Хранение от поставщика,Энергетические напитки,1860.0,4.53411505,8.336066074960046,4.53411505,3.8019510249600463
1003838273,9,22,34,5,РЦ СБЛ НН,a122042b-f9c7-11ea-8599-1c34dae33151,Хранение от поставщика,"Воды минеральные от 0,8л до 3л",2370.0,3.32800710694006,4.377401473501028,3.3280071069400603,1.0493943665609673
1003745812,8,26,26,4,РЦ СБЛ РНД-2,8d590545-fff9-11eb-a0ee-ec0d9a21b021,Хранение от поставщика,"Негазированные питьевые воды от 0,8л до 3л",180.0,5.28777002917232,3.0294233703494973,5.28777002917232,-2.2583466588228225
1003726157,14,21,25,6,РЦ СБЛ НН,29966288-1e27-11ed-885a-08c0eb32014b,Хранение от поставщика,"Негазированные питьевые воды от 0,8л до 3л",1008.0,1.11820965176471,4.120521584506183,1.11820965176471,3.002311932741473
1003902874,4,16,38,2,РЦ СБЛ СМР,f867fb96-d63d-11ea-8598-1c34dae33151,Хранение от поставщика,"Негазированные питьевые воды менее 0,8л",1512.0,3.48683413333333,4.30009843010262,3.4868341333333297,0.8132642967692907
1003648880,11,8,19,4,РЦ СБЛ ВЛГ-2 WMS,cfad39c9-bd3e-11eb-85ab-1c34dae33151,Хранение от поставщика,Негазированные питьевые воды от 3л,2040.0,13.0951291019262,6.525197941483565,13.0951291019262,-6.569931160442636
1003880562,11,9,37,2,РЦ СБЛ КНД-3,3cd9aeaa-76f8-11ee-8860-08c0eb32014b,Хранение от поставщика,"Вкусовые питьевые воды менее 0,8л",576.0,1.72973632653061,4.639843936293773,1.72973632653061,2.910107609763163
1003873067,6,8,37,1,РЦ СБЛ НСК,f9b41e55-548c-11ea-879c-0050560306e1,Хранение от поставщика,"Газированные напитки менее 0,8л",1824.0,4.33564255,5.329021253689405,4.33564255,0.9933787036894044
1003873578,12,4,36,4,РЦ СБЛ ВРЖ Нечаевка,f867fb96-d63d-11ea-8598-1c34dae33151,Хранение от поставщика,"Негазированные питьевые воды от 0,8л до 3л",1800.0,3.91402335689046,5.06015013558169,3.9140233568904597,1.1461267786912304
1003878464,3,5,36,5,РЦ СБЛ НСК,a6ef32dc-76e3-11e9-80c5-0cc47a817925,Хранение от поставщика,"Негазированные питьевые воды от 0,8л до 3л",4032.0,10.6223012,15.359710427643119,10.6223012,4.737409227643118
1003893245,8,11,37,4,РЦ СБЛ ВРЖ Нечаевка,29966288-1e27-11ed-885a-08c0eb32014b,Хранение от поставщика,"Газированные питьевые воды от 0,8л до 3л",2520.0,10.6278007911975,10.857049762746389,10.627800791197497,0.22924897154889123
1003820165,12,6,32,3,РЦ СБЛ ВЛГ-2 WMS,036140e6-3639-11f0-aa25-be3af2b6059f,Хранение от поставщика,Энергетические напитки,1512.0,14.1205734,4.118608961299012,14.1205734,-10.001964438700988
1003654789,7,16,20,5,РЦ СБЛ ВЛГ-2 WMS,b816da60-c690-11ea-b7de-0050560306e1,Хранение от поставщика,"Квас от 0,8л",432.0,0.9315184,2.4356193673250712,0.9315184000000001,1.5041009673250711
1003749287,11,2,27,3,РЦ СБЛ РНД-2,29966288-1e27-11ed-885a-08c0eb32014b,Хранение от поставщика,"Газированные питьевые воды от 0,8л до 3л",1512.0,3.451246125,13.390385978078712,3.451246125,9.93913985307871
1003808859,2,30,31,3,РЦ СБЛ КСК,0bd913d9-4b82-11ec-85ad-1c34dae33151,Кросс-док,"Газированные напитки менее 0,8л",84.0,1.031993375,1.3793232411761862,1.031993375,0.3473298661761861
1003740112,11,28,26,6,РЦ СБЛ НН,b816da60-c690-11ea-b7de-0050560306e1,Хранение от поставщика,"Квас менее 0,8л",864.0,4.83766999215686,5.089977188820982,4.83766999215686,0.2523071966641224
1003742582,5,29,26,0,РЦ СБЛ ВЛГ-2 WMS,3cd9aeaa-76f8-11ee-8860-08c0eb32014b,Хранение от поставщика,Энергетические напитки,1344.0,2.46654883333333,2.1300416378461673,2.46654883333333,-0.33650719548716257
1003895532,15,10,37,3,РЦ СБЛ ВЛГ-2 WMS,cfad39c9-bd3e-11eb-85ab-1c34dae33151,Хранение от поставщика,Негазированные питьевые воды от 3л,2280.0,5.09379450359195,10.351137392938533,5.093794503591951,5.257342889346582
1003864212,1,27,35,3,РЦ СБЛ КСК,0bd913d9-4b82-11ec-85ad-1c34dae33151,Хранение от поставщика,Безалкогольное пиво,360.0,4.25073323644578,3.4568069365565792,4.25073323644578,-0.7939262998892005
1003885585,13,10,37,3,РЦ СБЛ ВРЖ Нечаевка,036140e6-3639-11f0-aa25-be3af2b6059f,Кросс-док,Энергетические напитки,816.0,2.81219906666667,6.215298419750673,2.81219906666667,3.403099353084003
1003906124,9,16,38,2,РЦ СБЛ ВРЖ Нечаевка,5710771d-887c-11eb-85a3-1c34dae33151,Хранение от поставщика,"Газированные питьевые воды от 0,8л до 3л",456.0,0.767520121980676,1.7337780633201414,0.7675201219806759,0.9662579413394655
1003902206,5,16,38,2,РЦ СБЛ РНД-2,29966288-1e27-11ed-885a-08c0eb32014b,Хранение от поставщика,"Газированные питьевые воды от 0,8л до 3л",1002.0,2.95973767159722,2.943789624898187,2.9597376715972197,-0.015948046699032492
1003845742,10,19,34,2,РЦ СБЛ СМР,f867fb96-d63d-11ea-8598-1c34dae33151,Хранение от поставщика,"Газированные напитки менее 0,8л",792.0,6.0606510208243,3.59749679701243,6.0606510208243,-2.4631542238118698
1003844407,9,25,35,1,РЦ СБЛ ВЛГ-2 WMS,c766844d-edec-11ef-aa3a-be3af2b6059f,Кросс-док,Негазированные сокосодержащие напитки,2592.0,2.9697759,7.9520705311140665,2.9697759000000006,4.9822946311140655
1003798720,9,25,30,5,РЦ СБЛ ВЛГ-2 WMS,dd0df3c5-e7cb-11ec-ae71-08c0eb320147,Хранение от поставщика,"Негазированные питьевые воды от 0,8л до 3л",2016.0,4.37955844064516,5.782554367483327,4.37955844064516,1.4029959268381669
1003878554,7,3,36,3,РЦ СБЛ НСК,3f86f1f4-2a8e-11ed-b106-08c0eb31fffb,Хранение от поставщика,Негазированные питьевые воды от 3л,2.0,0.35612523974359,0.7578154522613106,0.35612523974359,0.40169021251772064
1003584758,7,10,15,4,РЦ СБЛ ВЛГ-2 WMS,29966288-1e27-11ed-885a-08c0eb32014b,Хранение от поставщика,"Воды минеральные менее 0,8л",870.0,17.0711777166667,2.306988703442727,17.071177716666696,-14.76418901322397
1003650205,10,7,19,3,РЦ СБЛ ТМН,875bbabf-ba1c-11eb-85ab-1c34dae33151,Кросс-док,"Газированные напитки менее 0,8л",1056.0,2.80427767219557,6.692934866043271,2.80427767219557,3.8886571938477013
1003878745,8,9,37,2,РЦ СБЛ НСК,718f5685-c732-11ed-ae77-08c0eb320147,Хранение от поставщика,"Газированные напитки от 0,8л",10672.0,20.8833840833333,25.231433254117754,20.883384083333304,4.348049170784449
1003676740,2,28,22,3,РЦ СБЛ КСК,909578fd-648e-11ef-ae7a-08c0eb320147,Хранение от РЦ,"Квас от 0,8л",1740.0,5.59540626666667,7.496019150524845,5.59540626666667,1.9006128838581748
1003675180,7,3,23,2,РЦ СБЛ ТМН,a478fb2c-733c-11ea-bca4-0050560306e1,Кросс-док,Энергетические напитки,432.0,3.13679255,5.080449627171993,3.13679255,1.9436570771719932
1003858387,10,26,35,2,РЦ СБЛ СМР,f867fb96-d63d-11ea-8598-1c34dae33151,Хранение от поставщика,"Вкусовые питьевые воды от 0,8л",12.0,0.0189635044107014,0.3334595482927239,0.0189635044107014,0.3144960438820225
1003897312,6,14,37,0,РЦ СБЛ КНД-3,5c37154a-c40f-11ed-ae77-08c0eb320147,Хранение от поставщика,"Газированные напитки менее 0,8л",1836.0,35.1339747919048,3.8407788462512475,35.1339747919048,-31.29319594565355
1003819751,9,5,32,2,РЦ СБЛ НСК,0bd913d9-4b82-11ec-85ad-1c34dae33151,Кросс-док,"Газированные напитки от 0,8л",4164.0,20.4713449133448,19.517081285491315,20.471344913344797,-0.9542636278534822
1003895748,11,11,37,4,РЦ СБЛ КНД-3,1bcc3845-fffb-11eb-a0ee-ec0d9a21b021,Хранение от поставщика,"Газированные питьевые воды от 0,8л до 3л",1008.0,1.6288563,5.537686043255763,1.6288563,3.9088297432557635
1003660777,4,29,22,4,РЦ СБЛ КСК,a478fb2c-733c-11ea-bca4-0050560306e1,Хранение от поставщика,Энергетические напитки,1608.0,5.72789616666667,3.2655296182624687,5.727896166666669,-2.4623665484042006
1003637872,7,9,19,5,РЦ СБЛ ВЛГ-2 WMS,b816da60-c690-11ea-b7de-0050560306e1,Хранение от поставщика,"Квас менее 0,8л",576.0,1.63583102666667,2.68560441809859,1.63583102666667,1.04977339143192
1003822238,2,6,32,3,РЦ СБЛ КСК,0bd913d9-4b82-11ec-85ad-1c34dae33151,Кросс-док,"Холодные чаи менее 0,8л",12.0,0.33375317875969,0.946232171564903,0.33375317875969,0.612478992805213
1003836566,2,15,33,5,РЦ СБЛ НСК,a6ef32dc-76e3-11e9-80c5-0cc47a817925,Хранение от поставщика,Газированные питьевые воды от 3л,671.0,3.94587716518578,5.392080457626977,3.9458771651857796,1.4462032924411976
1003671769,8,21,21,3,РЦ СБЛ ВЛГ-2 WMS,8d590545-fff9-11eb-a0ee-ec0d9a21b021,Хранение от поставщика,Негазированные питьевые воды от 3л,2880.0,8.09757426666667,11.223948759909659,8.097574266666673,3.126374493242986
1003712906,8,11,24,3,РЦ СБЛ ВЛГ-2 WMS,8d590545-fff9-11eb-a0ee-ec0d9a21b021,Хранение от поставщика,"Негазированные питьевые воды от 0,8л до 3л",12.0,0.419119406787763,0.44908269229580805,0.419119406787763,0.029963285508045057
1003837280,9,15,33,5,РЦ СБЛ ВЛГ-2 WMS,a6ef32dc-76e3-11e9-80c5-0cc47a817925,Хранение от поставщика,"Газированные напитки менее 0,8л",12.0,0.244580125925926,0.27919414148011035,0.244580125925926,0.034614015554184335
1003878446,5,7,36,0,РЦ СБЛ ВРЖ Нечаевка,29966288-1e27-11ed-885a-08c0eb32014b,Кросс-док,"Воды минеральные от 0,8л до 3л",4488.0,6.56611857559322,7.567390839332887,6.5661185755932205,1.0012722637396667
1003851361,7,25,35,1,РЦ СБЛ СМР,a6ef32dc-76e3-11e9-80c5-0cc47a817925,Хранение от поставщика,Негазированные питьевые воды от 3л,2136.0,21.988133699015,13.069862891468992,21.988133699015,-8.918270807546007
1003717689,7,13,24,5,РЦ СБЛ ВЛГ-2 WMS,dd0df3c5-e7cb-11ec-ae71-08c0eb320147,Хранение от поставщика,Негазированные питьевые воды от 3л,1800.0,9.24437544337138,7.328610888564175,9.244375443371379,-1.915764554807203
1003798508,5,26,30,6,РЦ СБЛ НН,e0126b4f-d4f1-11eb-85ac-1c34dae33151,Хранение от поставщика,"Газированные напитки менее 0,8л",366.0,7.94637287052342,1.3026431049057832,7.94637287052342,-6.643729765617636
1003784267,10,25,30,5,РЦ СБЛ РНД-2,a478fb2c-733c-11ea-bca4-0050560306e1,Хранение от поставщика,Энергетические напитки,1464.0,2.40375633333333,3.988628018590868,2.40375633333333,1.584871685257538
1003696033,2,10,24,2,РЦ СБЛ КСК,ac70539a-7305-11ee-8860-08c0eb32014b,Хранение от поставщика,Негазированные питьевые воды от 3л,480.0,10.0789595333333,4.835513219072717,10.0789595333333,-5.243446314260583
1003798510,5,26,30,6,РЦ СБЛ НН,e0126b4f-d4f1-11eb-85ac-1c34dae33151,Кросс-док,"Квас от 0,8л",174.0,1.74499475,1.1299021138353176,1.74499475,-0.6150926361646825
1003792770,6,26,30,6,РЦ СБЛ ВЛГ-2 WMS,20d10c55-606b-11ef-ae7a-08c0eb320147,Кросс-док,"Газированные напитки менее 0,8л",2304.0,5.34406468333333,4.120853094011285,5.34406468333333,-1.2232115893220445
1003864212,1,27,35,3,РЦ СБЛ КСК,0bd913d9-4b82-11ec-85ad-1c34dae33151,Хранение от поставщика,Энергетические напитки,204.0,2.40874883398594,2.0724654842280104,2.4087488339859395,-0.3362833497579292
1003864004,6,31,35,0,РЦ СБЛ СМР,718f5685-c732-11ed-ae77-08c0eb320147,Хранение от поставщика,"Газированные напитки от 0,8л",3072.0,109.040038533333,9.00487146348371,109.04003853333303,-100.03516706984932
1003904562,8,16,38,2,РЦ СБЛ КНД-3,e1be0609-e680-11ee-8861-08c0eb32014b,Хранение от поставщика,"Газированные напитки менее 0,8л",288.0,0.556905984782609,2.0443780889206455,0.556905984782609,1.4874721041380365
1003844423,9,17,33,0,РЦ СБЛ ВЛГ-2 WMS,25aa0efd-d1be-11ea-b7de-0050560306e1,Кросс-док,"Холодные чаи от 0,8л",3492.0,6.5145046,6.2956488663399375,6.5145045999999995,-0.21885573366006206
1003749287,11,2,27,3,РЦ СБЛ РНД-2,29966288-1e27-11ed-885a-08c0eb32014b,Хранение от поставщика,"Негазированные питьевые воды от 0,8л до 3л",504.0,1.150415375,5.68339962807751,1.150415375,4.53298425307751
1003716816,11,14,24,6,РЦ СБЛ НН,e0126b4f-d4f1-11eb-85ac-1c34dae33151,Хранение от поставщика,Компоты,138.0,2.85214942859477,1.7869424491085304,2.8521494285947706,-1.0652069794862402
1003875993,11,29,35,5,РЦ СБЛ УФА-2,a6ef32dc-76e3-11e9-80c5-0cc47a817925,Хранение от поставщика,Газированные питьевые воды от 3л,252.0,2.74050849,1.985797994327098,2.74050849,-0.7547104956729018
1003654674,9,14,20,3,РЦ СБЛ ВЛГ-2 WMS,8d590545-fff9-11eb-a0ee-ec0d9a21b021,Хранение от поставщика,Негазированные питьевые воды от 3л,3120.0,17.76505861058,12.201044817574376,17.765058610580002,-5.564013793005627
1003850842,8,21,34,4,РЦ СБЛ ВЛГ-2 WMS,fe37e020-bf16-11ed-ae77-08c0eb320147,Хранение от поставщика,Морсы,288.0,0.675757653333333,1.6707002581665826,0.675757653333333,0.9949426048332496
1003782960,6,23,30,3,РЦ СБЛ НН,a122042b-f9c7-11ea-8599-1c34dae33151,Хранение от поставщика,"Воды минеральные от 0,8л до 3л",2580.0,2.28648463343195,3.7851638831864975,2.2864846334319497,1.4986792497545478
1003695208,9,3,23,2,РЦ СБЛ ВЛГ-2 WMS,f867fb96-d63d-11ea-8598-1c34dae33151,Хранение от поставщика,"Негазированные питьевые воды от 0,8л до 3л",600.0,1.35296781666667,2.0796896055338516,1.35296781666667,0.7267217888671815
1003865942,5,2,36,2,РЦ СБЛ НН,a122042b-f9c7-11ea-8599-1c34dae33151,Хранение от поставщика,"Воды минеральные от 0,8л до 3л",3870.0,4.76167656231263,4.907281099364493,4.76167656231263,0.14560453705186305
1003786054,7,18,29,5,РЦ СБЛ ТМН,875bbabf-ba1c-11eb-85ab-1c34dae33151,Хранение от поставщика,"Газированные напитки менее 0,8л",1080.0,2.61839408522727,3.69659034645462,2.6183940852272705,1.0781962612273497
1003723476,14,21,25,6,РЦ СБЛ НН,b816da60-c690-11ea-b7de-0050560306e1,Хранение от поставщика,"Квас от 0,8л",648.0,6.56623603846154,4.486116402301278,6.566236038461538,-2.0801196361602603
1003834190,8,21,34,4,РЦ СБЛ ВЛГ-2 WMS,875bbabf-ba1c-11eb-85ab-1c34dae33151,Кросс-док,"Газированные напитки от 0,8л",801.0,2.72846368333333,2.414218710842912,2.72846368333333,-0.31424497249041794
1003893338,3,10,37,3,РЦ СБЛ НСК,3f86f1f4-2a8e-11ed-b106-08c0eb31fffb,Хранение от поставщика,"Негазированные питьевые воды менее 0,8л",1524.0,17.1131710053385,6.742735033784365,17.1131710053385,-10.370435971554135
1003699939,11,10,24,2,РЦ СБЛ НН,a478fb2c-733c-11ea-bca4-0050560306e1,Хранение от поставщика,Энергетические напитки,1776.0,1.69534161666667,9.278432916236568,1.69534161666667,7.583091299569898
1003833634,6,14,33,4,РЦ СБЛ ВЛГ-2 WMS,9a44a5d4-6f14-11ed-b96e-08c0eb32008b,Кросс-док,Энергетические напитки,2328.0,4.36910916666667,4.439585602652008,4.369109166666669,0.07047643598533959
1003653130,5,15,20,4,РЦ СБЛ ВЛГ-2 WMS,875bbabf-ba1c-11eb-85ab-1c34dae33151,Хранение от поставщика,"Газированные напитки от 0,8л",2313.0,17.7444729793839,8.267401345062785,17.744472979383897,-9.477071634321112
1003858791,7,1,36,1,РЦ СБЛ КСК,5c37154a-c40f-11ed-ae77-08c0eb320147,Кросс-док,"Газированные напитки от 0,8л",1236.0,5.2786761940625,8.858439953230272,5.2786761940625,3.579763759167772
1003910437,12,16,38,2,РЦ СБЛ ВЛГ-2 WMS,dd0df3c5-e7cb-11ec-ae71-08c0eb320147,Хранение от поставщика,Негазированные питьевые воды от 3л,2280.0,2.40192684810127,9.670593276561053,2.40192684810127,7.268666428459783
1003858357,11,22,34,5,РЦ СБЛ СМР,e9e96750-80a9-11eb-85a3-1c34dae33151,Хранение от поставщика,"Газированные напитки от 0,8л",3084.0,26.2901969795969,13.92891058816557,26.2901969795969,-12.36128639143133
1003861011,3,26,35,2,РЦ СБЛ НСК,0bd913d9-4b82-11ec-85ad-1c34dae33151,Хранение от поставщика,Энергетические напитки,24.0,0.106399419959596,0.07526202128226235,0.106399419959596,-0.031137398677333644
1003882151,12,8,37,1,РЦ СБЛ СМР,a478fb2c-733c-11ea-bca4-0050560306e1,Хранение от поставщика,Энергетические напитки,3816.0,53.8232521333333,9.292077544748606,53.82325213333329,-44.53117458858468
1003650205,10,7,19,3,РЦ СБЛ ТМН,875bbabf-ba1c-11eb-85ab-1c34dae33151,Кросс-док,"Газированные напитки от 0,8л",2169.0,5.75992260510624,8.968234930476301,5.759922605106239,3.208312325370062
1003887375,4,9,37,2,РЦ СБЛ СМР,5710771d-887c-11eb-85a3-1c34dae33151,Хранение от поставщика,"Газированные питьевые воды от 0,8л до 3л",1824.0,2.97172083575419,5.754099412998634,2.9717208357541898,2.782378577244444
1003692576,7,7,23,6,РЦ СБЛ ТМН,29966288-1e27-11ed-885a-08c0eb32014b,Хранение от поставщика,"Воды минеральные от 0,8л до 3л",6552.0,7.53820818730159,16.246719138425064,7.53820818730159,8.708510951123474
1003650100,6,17,20,6,РЦ СБЛ ВЛГ-2 WMS,1c8d2a76-0139-11ef-b10b-08c0eb31fffb,Хранение от поставщика,"Газированные напитки от 0,8л",1260.0,1.24319534259259,4.070392891934889,1.24319534259259,2.8271975493422987
1003730082,7,21,25,6,РЦ СБЛ НН,e0126b4f-d4f1-11eb-85ac-1c34dae33151,Хранение от поставщика,"Газированные напитки менее 0,8л",60.0,0.344472353535354,0.7732467634194453,0.344472353535354,0.4287744098840913
1003890994,6,12,37,5,РЦ СБЛ ВРЖ Нечаевка,a6ef32dc-76e3-11e9-80c5-0cc47a817925,Хранение от поставщика,"Вкусовые питьевые воды от 0,8л",504.0,1.00137541310212,2.101326607720244,1.00137541310212,1.0999511946181242
1003769445,11,10,28,4,РЦ СБЛ НН,875bbabf-ba1c-11eb-85ab-1c34dae33151,Хранение от поставщика,"Газированные напитки менее 0,8л",432.0,3.52845151276596,4.204369283860989,3.5284515127659595,0.6759177710950293
1003822247,7,7,32,4,РЦ СБЛ НСК,0bd913d9-4b82-11ec-85ad-1c34dae33151,Кросс-док,"Холодные чаи менее 0,8л",48.0,0.320045042645382,0.6140261479641204,0.320045042645382,0.29398110531873833
1003870067,3,3,36,3,РЦ СБЛ ТМН,29966288-1e27-11ed-885a-08c0eb32014b,Хранение от поставщика,"Воды минеральные от 0,8л до 3л",5496.0,6.97333311896208,8.10436546384894,6.973333118962079,1.1310323448868607
1003812898,10,2,31,6,РЦ СБЛ ВЛГ-2 WMS,c1ae6f0a-ee93-11ea-8599-1c34dae33151,Хранение от поставщика,"Воды минеральные менее 0,8л",1560.0,0.986158184658299,2.8910449830115272,0.986158184658299,1.9048867983532283
1003735693,5,26,26,4,РЦ СБЛ РНД-2,29966288-1e27-11ed-885a-08c0eb32014b,Хранение от поставщика,"Воды минеральные от 0,8л до 3л",3984.0,3.2320498775837,8.111571536262685,3.2320498775836994,4.879521658678986
1003897340,11,10,37,3,РЦ СБЛ КНД-3,8d590545-fff9-11eb-a0ee-ec0d9a21b021,Хранение от поставщика,Негазированные питьевые воды от 3л,1800.0,3.47031665997994,11.451891672249593,3.4703166599799404,7.981575012269652
1003835645,1,14,33,4,РЦ СБЛ НСК,0bd913d9-4b82-11ec-85ad-1c34dae33151,Хранение от поставщика,"Газированные напитки менее 0,8л",60.0,0.286249081235314,1.0389774881107328,0.286249081235314,0.7527284068754188
1003812751,13,31,31,4,РЦ СБЛ НН,875bbabf-ba1c-11eb-85ab-1c34dae33151,Хранение от поставщика,"Газированные напитки менее 0,8л",720.0,1.99561392444102,3.336983252618703,1.99561392444102,1.3413693281776828
1003889419,7,13,37,6,РЦ СБЛ КНД-3,88441339-b3d5-11ef-b973-08c0eb32008b,Хранение от поставщика,Негазированные питьевые воды от 3л,1320.0,5.85386026632302,4.115461523834639,5.85386026632302,-1.738398742488381
1003804410,5,31,31,4,РЦ СБЛ РНД-2,875bbabf-ba1c-11eb-85ab-1c34dae33151,Хранение от поставщика,"Газированные напитки менее 0,8л",768.0,1.49360176562655,1.9007002364567118,1.49360176562655,0.40709847083016193
1003828092,7,11,33,1,РЦ СБЛ ВЛГ-2 WMS,4d0c5473-7955-11e9-80c5-0cc47a817925,Хранение от поставщика,Негазированные питьевые воды от 3л,1368.0,1.85164620114943,3.321518368456003,1.8516462011494301,1.4698721673065727
1003756271,5,8,28,2,РЦ СБЛ НН,a122042b-f9c7-11ea-8599-1c34dae33151,Хранение от поставщика,"Воды минеральные от 0,8л до 3л",5280.0,8.09599588947369,7.891160170099502,8.09599588947369,-0.20483571937418787
1003846057,7,25,35,1,РЦ СБЛ НСК,f9b41e55-548c-11ea-879c-0050560306e1,Кросс-док,"Газированные напитки менее 0,8л",1824.0,5.92402376666667,3.6823899894039878,5.92402376666667,-2.241633777262682
1003681277,5,29,22,4,РЦ СБЛ ВЛГ-2 WMS,29966288-1e27-11ed-885a-08c0eb32014b,Хранение от поставщика,"Воды минеральные от 0,8л до 3л",3528.0,2.91677653166667,4.264664876035541,2.91677653166667,1.347888344368871
1003809179,7,1,31,5,РЦ СБЛ НН,29966288-1e27-11ed-885a-08c0eb32014b,Хранение от поставщика,"Негазированные питьевые воды от 0,8л до 3л",504.0,1.26884450625,3.309383408260696,1.26884450625,2.040538902010696
1003881268,13,4,36,4,РЦ СБЛ ВЛГ-2 WMS,cfad39c9-bd3e-11eb-85ab-1c34dae33151,Хранение от поставщика,"Воды минеральные от 0,8л до 3л",4032.0,5.35139408196721,8.789014112260643,5.35139408196721,3.4376200302934334
1003780150,5,20,29,0,РЦ СБЛ ВЛГ-2 WMS,718f5685-c732-11ed-ae77-08c0eb320147,Хранение от поставщика,"Газированные напитки от 0,8л",5760.0,12.99155405,12.370355378971656,12.991554049999998,-0.6211986710283419
1003904675,7,16,38,2,РЦ СБЛ ВРЖ Нечаевка,8d590545-fff9-11eb-a0ee-ec0d9a21b021,Хранение от поставщика,"Газированные питьевые воды от 0,8л до 3л",3228.0,10.357646373847,10.662795158919055,10.357646373847,0.30514878507205445
1003880429,6,6,36,6,РЦ СБЛ СМР,875bbabf-ba1c-11eb-85ab-1c34dae33151,Хранение от поставщика,"Газированные напитки от 0,8л",2439.0,9.02398296961023,5.953522167100167,9.023982969610232,-3.0704608025100653
1003826696,12,18,34,1,РЦ СБЛ РНД-2,67e22ba2-008a-11ee-885e-08c0eb32014b,Хранение от поставщика,"Воды минеральные от 0,8л до 3л",6.0,0.863897833333333,0.4907722204134843,0.8638978333333331,-0.37312561291984886
1003875659,4,10,37,3,РЦ СБЛ НСК,5c37154a-c40f-11ed-ae77-08c0eb320147,Хранение от поставщика,"Газированные напитки менее 0,8л",3744.0,14.1733923380734,9.357768144593114,14.1733923380734,-4.815624193480286
1003904217,1,16,38,2,РЦ СБЛ НСК,0bd913d9-4b82-11ec-85ad-1c34dae33151,Хранение от поставщика,Безалкогольное пиво,672.0,3.3501596226691,2.8175255105729633,3.3501596226691,-0.5326341120961366
1003875054,8,3,36,3,РЦ СБЛ НСК,a6ef32dc-76e3-11e9-80c5-0cc47a817925,Хранение от поставщика,Негазированные питьевые воды от 3л,1512.0,15.0528867555556,6.483615869718004,15.0528867555556,-8.569270885837597
1003689438,7,30,22,5,РЦ СБЛ ВЛГ-2 WMS,dd0df3c5-e7cb-11ec-ae71-08c0eb320147,Хранение от поставщика,"Газированные питьевые воды от 0,8л до 3л",1008.0,2.09142978092784,2.07707825047758,2.0914297809278395,-0.014351530450259276
1003890691,7,12,37,5,РЦ СБЛ ВЛГ-2 WMS,5c37154a-c40f-11ed-ae77-08c0eb320147,Хранение от поставщика,"Газированные напитки менее 0,8л",84.0,0.541244106666667,0.6899181735706813,0.541244106666667,0.1486740669040143
1003634435,5,15,20,4,РЦ СДГ КСК,a478fb2c-733c-11ea-bca4-0050560306e1,Хранение от поставщика,Энергетические напитки,1596.0,6.31646113333333,9.95267134459632,6.31646113333333,3.6362102112629904
1003815306,14,4,32,1,РЦ СБЛ ВЛГ-2 WMS,f9b41e55-548c-11ea-879c-0050560306e1,Хранение от поставщика,"Газированные напитки менее 0,8л",1824.0,29.8677120333333,3.114747625174517,29.867712033333305,-26.75296440815879
1003855716,8,27,35,3,РЦ СБЛ СМР,b816da60-c690-11ea-b7de-0050560306e1,Хранение от поставщика,"Квас от 0,8л",216.0,1.28303558333333,2.0046641713405102,1.28303558333333,0.7216285880071802
1003833928,7,15,33,5,РЦ СБЛ РНД-2,718f5685-c732-11ed-ae77-08c0eb320147,Хранение от поставщика,"Газированные напитки от 0,8л",3368.0,10.9769592,8.867645860296882,10.976959200000001,-2.109313339703119
1003881072,8,9,37,2,РЦ СБЛ КНД-3,88441339-b3d5-11ef-b973-08c0eb32008b,Хранение от поставщика,"Негазированные питьевые воды менее 0,8л",1512.0,4.21565842423208,5.83649963872814,4.21565842423208,1.6208412144960596
1003593500,7,11,15,5,РЦ СБЛ ТМН,875bbabf-ba1c-11eb-85ab-1c34dae33151,Кросс-док,"Квас от 0,8л",384.0,7.90828745854484,5.167884389636614,7.908287458544839,-2.7404030689082255
1003737150,6,27,26,5,РЦ СБЛ ВЛГ-2 WMS,b816da60-c690-11ea-b7de-0050560306e1,Хранение от поставщика,"Квас от 0,8л",1296.0,6.35759488846154,2.4270664950724994,6.357594888461539,-3.9305283933890394
1003584440,9,10,15,4,РЦ СБЛ ВЛГ-2 WMS,875bbabf-ba1c-11eb-85ab-1c34dae33151,Хранение от поставщика,"Газированные напитки менее 0,8л",1212.0,1.80642414126866,4.519046211595932,1.80642414126866,2.7126220703272725
1003708993,5,11,24,3,РЦ СБЛ ВЛГ-2 WMS,29966288-1e27-11ed-885a-08c0eb32014b,Хранение от поставщика,"Газированные питьевые воды от 0,8л до 3л",1008.0,1.43073950555556,3.95191725595993,1.43073950555556,2.52117775040437
1003890910,6,14,37,0,РЦ СБЛ СМР,a6ef32dc-76e3-11e9-80c5-0cc47a817925,Хранение от поставщика,"Негазированные питьевые воды от 0,8л до 3л",1008.0,3.85006813333333,2.172263948626724,3.8500681333333304,-1.6778041847066065
1003841447,7,15,33,5,РЦ СБЛ ТМН,875bbabf-ba1c-11eb-85ab-1c34dae33151,Хранение от поставщика,"Газированные напитки менее 0,8л",312.0,1.85680368597169,2.339779415739525,1.8568036859716903,0.48297572976783476
1003790155,9,25,30,5,РЦ СБЛ РНД-2,29966288-1e27-11ed-885a-08c0eb32014b,Хранение от поставщика,"Воды минеральные от 0,8л до 3л",6048.0,3.88194534666667,7.9189717090872636,3.88194534666667,4.037026362420594
1003721885,1,19,25,4,РЦ СБЛ КСК,0bd913d9-4b82-11ec-85ad-1c34dae33151,Хранение от поставщика,"Газированные напитки менее 0,8л",12.0,0.12603222614897,1.1270023408685248,0.12603222614897,1.0009701147195549
1003842289,7,20,34,3,РЦ СБЛ СМР,b816da60-c690-11ea-b7de-0050560306e1,Хранение от поставщика,"Квас менее 0,8л",720.0,8.65373468452381,4.530684069269976,8.653734684523812,-4.1230506152538355
1003800353,13,28,31,1,РЦ СБЛ РНД-2,141f3c79-76a9-11eb-85a3-1c34dae33151,Хранение от поставщика,"Холодные чаи менее 0,8л",936.0,2.63970763333333,6.560269066638317,2.6397076333333294,3.9205614333049876
1003866046,3,7,36,0,РЦ СБЛ НСК,3cd9aeaa-76f8-11ee-8860-08c0eb32014b,Хранение от поставщика,"Вкусовые питьевые воды менее 0,8л",888.0,0.524645075647383,2.1311602467814796,0.524645075647383,1.6065151711340966
1003794403,9,26,30,6,РЦ СБЛ ВЛГ-2 WMS,1c8d2a76-0139-11ef-b10b-08c0eb31fffb,Хранение от поставщика,"Газированные напитки от 0,8л",2520.0,4.28463152777778,5.837177440115767,4.28463152777778,1.5525459123379868
1003889401,7,14,37,0,РЦ СБЛ КНД-3,1c8d2a76-0139-11ef-b10b-08c0eb31fffb,Хранение от поставщика,"Вкусовые питьевые воды от 0,8л",504.0,1.45480094035088,2.5557492668688453,1.45480094035088,1.1009483265179654
1003672622,6,22,21,4,РЦ СБЛ ВЛГ-2 WMS,fe37e020-bf16-11ed-ae77-08c0eb320147,Хранение от поставщика,"Соки и нектары более 0,5л и до 1,5л",144.0,7.29857735833333,1.2570140091815416,7.298577358333331,-6.041563349151789
1003895093,8,12,37,5,РЦ СБЛ ВЛГ-2 WMS,a122042b-f9c7-11ea-8599-1c34dae33151,Хранение от поставщика,"Воды минеральные менее 0,8л",1600.0,0.707359786982248,2.8915088752529923,0.707359786982248,2.184149088270744
1003729499,9,23,26,1,РЦ СБЛ ВЛГ-2 WMS,a478fb2c-733c-11ea-bca4-0050560306e1,Хранение от поставщика,Энергетические напитки,468.0,2.92144903333333,1.5302858448014212,2.9214490333333303,-1.3911631885319091
1003834378,6,14,33,4,РЦ СБЛ РНД-2,875bbabf-ba1c-11eb-85ab-1c34dae33151,Хранение от поставщика,"Газированные напитки от 0,8л",549.0,1.89855077860465,3.373253803669826,1.8985507786046498,1.474703025065176
1003786573,8,17,29,4,РЦ СБЛ РНД-2,8d590545-fff9-11eb-a0ee-ec0d9a21b021,Хранение от поставщика,"Газированные питьевые воды менее 0,8л",216.0,3.08152419061033,2.6669614455282638,3.0815241906103297,-0.4145627450820659
1003843143,9,14,33,4,РЦ СБЛ РНД-2,8d590545-fff9-11eb-a0ee-ec0d9a21b021,Хранение от поставщика,Негазированные питьевые воды от 3л,2640.0,15.5776664969291,12.946021673627257,15.5776664969291,-2.6316448233018424
1003844090,9,28,35,4,РЦ СБЛ КСК,141f3c79-76a9-11eb-85a3-1c34dae33151,Кросс-док,"Холодные чаи менее 0,8л",312.0,2.77505525,2.5659935580114626,2.77505525,-0.2090616919885373
1003816928,13,6,32,3,РЦ СБЛ ВЛГ-2 WMS,29966288-1e27-11ed-885a-08c0eb32014b,Хранение от поставщика,"Воды минеральные менее 0,8л",870.0,1.4175595406588,1.9764878373325112,1.4175595406588,0.5589282966737112
1003779221,6,1,31,5,РЦ СБЛ ВЛГ-2 WMS,3e4f4a66-65d5-11ef-8861-08c0eb32014b,Кросс-док,"Холодные чаи менее 0,8л",4608.0,7.2993587,12.360724539200152,7.299358699999998,5.061365839200154
1003760167,9,6,27,0,РЦ СБЛ РНД-2,c1ae6f0a-ee93-11ea-8599-1c34dae33151,Хранение от поставщика,"Негазированные питьевые воды менее 0,8л",2148.0,3.27473825309606,9.704054999812385,3.27473825309606,6.429316746716325
1003879068,10,6,36,6,РЦ СБЛ ВЛГ-2 WMS,6876d873-0939-11ef-8861-08c0eb32014b,Хранение от поставщика,Холодный кофе,816.0,5.08269303333333,3.3792531315087597,5.08269303333333,-1.70343990182457
1003735664,5,26,26,4,РЦ СБЛ ВЛГ-2 WMS,29966288-1e27-11ed-885a-08c0eb32014b,Хранение от поставщика,"Газированные питьевые воды от 0,8л до 3л",2016.0,3.31496152580645,3.8549932251975725,3.3149615258064498,0.5400316993911227
1003902217,13,16,38,2,РЦ СБЛ ВЛГ-2 WMS,29966288-1e27-11ed-885a-08c0eb32014b,Хранение от поставщика,"Негазированные питьевые воды от 0,8л до 3л",1008.0,2.04778810993658,2.721184961215685,2.0477881099365796,0.6733968512791053
1003878748,5,3,36,3,РЦ СБЛ КСК,0bd913d9-4b82-11ec-85ad-1c34dae33151,Хранение от поставщика,"Холодные чаи менее 0,8л",12.0,0.0476114739673391,0.42828914524566963,0.0476114739673391,0.3806776712783305
1003898180,6,11,37,4,РЦ СБЛ РНД-2,dd0df3c5-e7cb-11ec-ae71-08c0eb320147,Хранение от поставщика,"Негазированные питьевые воды от 0,8л до 3л",6048.0,5.74111768,14.441949727582973,5.7411176799999994,8.700832047582974
1003786573,8,17,29,4,РЦ СБЛ РНД-2,8d590545-fff9-11eb-a0ee-ec0d9a21b021,Хранение от поставщика,"Негазированные питьевые воды от 0,8л до 3л",294.0,4.19429681499739,3.1021215976407204,4.19429681499739,-1.0921752173566697
1003676946,8,23,21,5,РЦ СБЛ ТМН,875bbabf-ba1c-11eb-85ab-1c34dae33151,Кросс-док,"Газированные напитки от 0,8л",2439.0,5.05684136791192,8.814242858334243,5.05684136791192,3.757401490422323
1003765356,3,11,28,5,РЦ СБЛ ТМН,29966288-1e27-11ed-885a-08c0eb32014b,Хранение от поставщика,"Воды минеральные менее 0,8л",870.0,2.43876352035398,2.9881224342904424,2.43876352035398,0.5493589139364623
1003820393,5,9,32,6,РЦ СБЛ НН,29966288-1e27-11ed-885a-08c0eb32014b,Хранение от поставщика,"Газированные питьевые воды от 0,8л до 3л",1008.0,1.5275104,2.947930724626007,1.5275104,1.4204203246260072
1003885565,12,11,37,4,РЦ СБЛ СМР,c1ae6f0a-ee93-11ea-8599-1c34dae33151,Хранение от поставщика,"Воды минеральные от 0,8л до 3л",1350.0,6.90434992312073,4.0010411135461155,6.904349923120732,-2.9033088095746162
1003804712,8,1,31,5,РЦ СБЛ ВЛГ-2 WMS,5c37154a-c40f-11ed-ae77-08c0eb320147,Хранение от поставщика,"Газированные напитки от 0,8л",1608.0,8.92220528333333,7.254754416927111,8.922205283333328,-1.6674508664062175
1003817417,7,5,32,2,РЦ СБЛ РНД-2,a6ef32dc-76e3-11e9-80c5-0cc47a817925,Хранение от поставщика,"Газированные питьевые воды от 0,8л до 3л",1008.0,3.27807409447077,5.799346931787084,3.27807409447077,2.521272837316314
1003675152,6,24,21,6,РЦ СБЛ ВЛГ-2 WMS,c1ae6f0a-ee93-11ea-8599-1c34dae33151,Хранение от поставщика,"Воды минеральные от 0,8л до 3л",1350.0,1.94412187141491,1.9774510083708579,1.9441218714149102,0.033329136955947636
1003889975,4,9,37,2,РЦ СБЛ НСК,0bd913d9-4b82-11ec-85ad-1c34dae33151,Хранение от поставщика,"Газированные напитки менее 0,8л",48.0,0.159358643809524,0.603351197149335,0.15935864380952403,0.443992553339811
1003771706,6,15,29,2,РЦ СБЛ ТМН,ded9af41-bbef-11ec-8857-08c0eb32014b,Хранение от поставщика,Энергетические напитки,228.0,1.54351113333333,2.64328737725042,1.54351113333333,1.0997762439170902
1003781861,7,19,29,6,РЦ СБЛ НН,29966288-1e27-11ed-885a-08c0eb32014b,Хранение от поставщика,"Воды минеральные от 0,8л до 3л",4032.0,8.03666112592592,7.208947475692142,8.03666112592592,-0.827713650233779
1003717617,13,11,24,3,РЦ СБЛ ВЛГ-2 WMS,cfad39c9-bd3e-11eb-85ab-1c34dae33151,Хранение от поставщика,"Негазированные питьевые воды менее 0,8л",480.0,2.21445065925926,2.0659512770472226,2.21445065925926,-0.1484993822120373
1003781087,5,17,29,4,РЦ СБЛ ВЛГ-2 WMS,fe37e020-bf16-11ed-ae77-08c0eb320147,Хранение от поставщика,Морсы,288.0,0.489706206666667,1.453467112337681,0.489706206666667,0.963760905671014
1003747733,8,30,27,1,РЦ СБЛ ВЛГ-2 WMS,5c37154a-c40f-11ed-ae77-08c0eb320147,Хранение от поставщика,"Газированные напитки от 0,8л",720.0,4.01722066666667,2.1437726497112366,4.01722066666667,-1.8734480169554337
1003750695,5,3,27,4,РЦ СБЛ РНД-2,875bbabf-ba1c-11eb-85ab-1c34dae33151,Хранение от поставщика,"Газированные напитки от 0,8л",936.0,2.77717352545455,3.0656845565721,2.7771735254545495,0.2885110311175505
1003888609,5,11,37,4,РЦ СБЛ РНД-2,875bbabf-ba1c-11eb-85ab-1c34dae33151,Хранение от поставщика,"Газированные напитки менее 0,8л",312.0,1.0661855979346,1.5049190134576822,1.0661855979346,0.4387334155230822
1003815066,7,14,33,4,РЦ СБЛ УФА-2,c1ae6f0a-ee93-11ea-8599-1c34dae33151,Хранение от поставщика,"Негазированные питьевые воды от 0,8л до 3л",504.0,0.38451533932092,2.504844593842778,0.38451533932092,2.1203292545218577
1003738613,4,25,26,3,РЦ СБЛ КСК,0bd913d9-4b82-11ec-85ad-1c34dae33151,Хранение от поставщика,Энергетические напитки,108.0,0.615851289139073,0.8441969555142878,0.615851289139073,0.2283456663752147
1003763525,5,9,28,3,РЦ СБЛ РНД-2,875bbabf-ba1c-11eb-85ab-1c34dae33151,Хранение от поставщика,"Газированные напитки менее 0,8л",792.0,0.803851241415465,2.5253130666539843,0.8038512414154652,1.721461825238519
1003849729,4,21,34,4,РЦ СБЛ НСК,0bd913d9-4b82-11ec-85ad-1c34dae33151,Хранение от поставщика,"Квас от 0,8л",630.0,3.44445180326705,3.4473689396216827,3.4444518032670497,0.0029171363546329765
1003704538,5,6,23,5,РЦ СБЛ ТМН,875bbabf-ba1c-11eb-85ab-1c34dae33151,Кросс-док,"Квас от 0,8л",1920.0,5.14756766563892,6.529295706744266,5.147567665638921,1.3817280411053448
1003803796,15,30,31,3,РЦ СБЛ ВЛГ-2 WMS,29966288-1e27-11ed-885a-08c0eb32014b,Хранение от поставщика,"Газированные питьевые воды от 0,8л до 3л",1512.0,4.65098105769231,3.8442448142436225,4.650981057692309,-0.8067362434486869
1003885012,8,4,36,4,РЦ СБЛ РНД-2,8d590545-fff9-11eb-a0ee-ec0d9a21b021,Хранение от поставщика,"Негазированные питьевые воды менее 0,8л",300.0,2.73430187836022,1.9411738931786244,2.73430187836022,-0.7931279851815956
1003872504,7,1,36,1,РЦ СБЛ СМР,5710771d-887c-11eb-85a3-1c34dae33151,Хранение от поставщика,Негазированные питьевые воды от 3л,1320.0,3.17186985565476,7.072186351930867,3.1718698556547604,3.9003164962761065
1003637119,8,30,18,3,РЦ СБЛ ТМН,875bbabf-ba1c-11eb-85ab-1c34dae33151,Кросс-док,"Газированные напитки менее 0,8л",120.0,0.427396619256658,1.902214022811038,0.427396619256658,1.47481740355438
1003785803,7,20,29,0,РЦ СБЛ ВЛГ-2 WMS,f179ca8e-5c88-11eb-85a3-1c34dae33151,Кросс-док,Энергетические напитки,3516.0,4.97869128333333,5.580228194690905,4.97869128333333,0.6015369113575755
1003698296,7,7,23,6,РЦ СБЛ ВЛГ-2 WMS,718f5685-c732-11ed-ae77-08c0eb320147,Хранение от поставщика,"Газированные напитки от 0,8л",3840.0,8.22119636666667,8.344048801119575,8.22119636666667,0.12285243445290561
1003878464,3,5,36,5,РЦ СБЛ НСК,a6ef32dc-76e3-11e9-80c5-0cc47a817925,Хранение от поставщика,Негазированные питьевые воды от 3л,1872.0,4.9317827,5.814082085134554,4.9317827,0.8822993851345533
1003898854,11,12,37,5,РЦ СБЛ СМР,e9e96750-80a9-11eb-85a3-1c34dae33151,Хранение от поставщика,"Газированные напитки от 0,8л",2526.0,20.8961464463804,17.18935958988982,20.896146446380403,-3.7067868564905844
1003766759,5,14,29,1,РЦ СБЛ РНД-2,718f5685-c732-11ed-ae77-08c0eb320147,Хранение от поставщика,"Газированные напитки от 0,8л",5376.0,10.9435994166667,12.494017794219266,10.943599416666702,1.550418377552564
1003910437,12,16,38,2,РЦ СБЛ ВЛГ-2 WMS,dd0df3c5-e7cb-11ec-ae71-08c0eb320147,Хранение от поставщика,"Негазированные питьевые воды от 0,8л до 3л",1008.0,1.06190450126582,2.8983277159261243,1.06190450126582,1.8364232146603043
1003878748,5,3,36,3,РЦ СБЛ КСК,0bd913d9-4b82-11ec-85ad-1c34dae33151,Хранение от поставщика,"Воды минеральные от 0,8л до 3л",276.0,1.0950639012488,2.6703337307235206,1.0950639012488,1.5752698294747207
1003647658,5,20,21,2,РЦ СБЛ ТМН,a478fb2c-733c-11ea-bca4-0050560306e1,Кросс-док,Энергетические напитки,720.0,2.77458498333333,9.97396168369555,2.77458498333333,7.199376700362219
1003887507,13,4,36,4,РЦ СБЛ ВРЖ Нечаевка,abf01723-6023-11ed-885b-08c0eb32014b,Хранение от РЦ,Негазированные питьевые воды от 3л,433.0,5.52898507992616,1.7402804556568394,5.52898507992616,-3.7887046242693208
1003766445,2,9,28,3,РЦ СБЛ КСК,0bd913d9-4b82-11ec-85ad-1c34dae33151,Хранение от поставщика,Энергетические напитки,72.0,1.49332832952381,1.3609579465122328,1.4933283295238102,-0.13237038301157744
1003837330,2,15,33,5,РЦ СБЛ НСК,a6ef32dc-76e3-11e9-80c5-0cc47a817925,Хранение от поставщика,Негазированные питьевые воды от 3л,240.0,9.88345158333333,2.2209159956116267,9.883451583333331,-7.662535587721704
1003872497,2,4,36,4,РЦ СБЛ НСК,29966288-1e27-11ed-885a-08c0eb32014b,Хранение от поставщика,"Воды минеральные от 0,8л до 3л",4032.0,7.26126765141471,9.79349404504804,7.261267651414711,2.53222639363333
1003825434,5,18,34,1,РЦ СБЛ НСК,a478fb2c-733c-11ea-bca4-0050560306e1,Хранение от поставщика,Энергетические напитки,8196.0,14.7313725,13.418939314119848,14.731372499999997,-1.312433185880149
1003849729,4,21,34,4,РЦ СБЛ НСК,0bd913d9-4b82-11ec-85ad-1c34dae33151,Хранение от поставщика,Энергетические напитки,84.0,0.459260240435606,0.5052473980841732,0.459260240435606,0.0459871576485672
1003854118,14,21,34,4,РЦ СБЛ ВЛГ-2 WMS,cfad39c9-bd3e-11eb-85ab-1c34dae33151,Хранение от поставщика,"Воды минеральные от 0,8л до 3л",3024.0,2.39276919834437,3.7127687625196484,2.39276919834437,1.3199995641752782
1003692564,7,7,23,6,РЦ СБЛ ТМН,29966288-1e27-11ed-885a-08c0eb32014b,Кросс-док,"Негазированные питьевые воды от 0,8л до 3л",1008.0,2.5190455,5.198223344840761,2.5190455,2.679177844840761
1003648665,6,10,19,6,РЦ СБЛ ВЛГ-2 WMS,5c37154a-c40f-11ed-ae77-08c0eb320147,Хранение от поставщика,"Газированные напитки от 0,8л",660.0,7.68886241666667,3.1936983107182195,7.6888624166666695,-4.49516410594845
1003880677,9,9,37,2,РЦ СБЛ УФА-2,3cd9aeaa-76f8-11ee-8860-08c0eb32014b,Хранение от поставщика,"Вкусовые питьевые воды менее 0,8л",568.0,1.08258944008529,4.744391460133649,1.08258944008529,3.6618020200483588
1003628953,8,3,18,6,РЦ СБЛ ВЛГ-2 WMS,1c8d2a76-0139-11ef-b10b-08c0eb31fffb,Хранение от поставщика,"Вкусовые питьевые воды от 0,8л",1512.0,4.59204722352941,2.8019436672594096,4.592047223529409,-1.7901035562699996
1003689167,5,12,24,4,РЦ СБЛ КСК,a478fb2c-733c-11ea-bca4-0050560306e1,Хранение от поставщика,Энергетические напитки,2400.0,2.89914133333333,7.785356311784408,2.8991413333333296,4.886214978451079
1003830892,6,15,33,5,РЦ СБЛ РНД-2,29966288-1e27-11ed-885a-08c0eb32014b,Хранение от поставщика,"Воды минеральные от 0,8л до 3л",4032.0,9.29250041111111,8.241165486160712,9.292500411111112,-1.0513349249503996
1003881747,9,6,36,6,РЦ СБЛ НСК,a6ef32dc-76e3-11e9-80c5-0cc47a817925,Хранение от поставщика,"Негазированные питьевые воды от 0,8л до 3л",504.0,2.92672904487805,1.5061411782716734,2.9267290448780496,-1.4205878666063763
1003882145,8,12,37,5,РЦ СБЛ РНД-2,a478fb2c-733c-11ea-bca4-0050560306e1,Хранение от поставщика,Энергетические напитки,2376.0,8.04079143333333,5.443380538255122,8.040791433333329,-2.597410895078207
1003885012,8,4,36,4,РЦ СБЛ РНД-2,8d590545-fff9-11eb-a0ee-ec0d9a21b021,Хранение от поставщика,Негазированные питьевые воды от 3л,2880.0,26.2492980322581,13.807125915047253,26.249298032258096,-12.442172117210843
1003800892,13,28,31,1,РЦ СБЛ РНД-2,67e22ba2-008a-11ee-885e-08c0eb32014b,Хранение от поставщика,Безалкогольное вино,208.0,7.68306403333333,3.102084215753623,7.68306403333333,-4.580979817579706
1003879396,6,13,37,6,РЦ СБЛ НСК,e9912507-fb18-11ee-b973-08c0eb32008b,Кросс-док,"Газированные напитки менее 0,8л",1400.0,1.3265387,2.1096328322447753,1.3265387,0.7830941322447753
1003625689,9,28,18,1,РЦ СБЛ ВЛГ-2 WMS,5c37154a-c40f-11ed-ae77-08c0eb320147,Кросс-док,"Газированные напитки от 0,8л",2520.0,7.50324136666667,7.171664308660423,7.503241366666669,-0.3315770580062454
1003819751,9,5,32,2,РЦ СБЛ НСК,0bd913d9-4b82-11ec-85ad-1c34dae33151,Кросс-док,Безалкогольное пиво,600.0,2.94976151489118,3.600735800083964,2.94976151489118,0.6509742851927842
1003882924,7,10,37,3,РЦ СБЛ НСК,ae51b1d8-31f5-11ee-885f-08c0eb32014b,Кросс-док,Энергетические напитки,4008.0,3.12754541666667,11.114515431960942,3.1275454166666705,7.986970015294272
1003777002,5,17,29,4,РЦ СБЛ РНД-2,875bbabf-ba1c-11eb-85ab-1c34dae33151,Кросс-док,"Газированные напитки от 0,8л",990.0,3.41997718333333,3.068475770631715,3.4199771833333297,-0.3515014127016145
1003682664,7,30,22,5,РЦ СБЛ ВЛГ-2 WMS,b816da60-c690-11ea-b7de-0050560306e1,Хранение от поставщика,"Квас менее 0,8л",864.0,1.44687006,2.409247519239057,1.44687006,0.9623774592390568
1003666013,7,20,21,2,РЦ СБЛ ВЛГ-2 WMS,29966288-1e27-11ed-885a-08c0eb32014b,Хранение от поставщика,"Негазированные питьевые воды от 0,8л до 3л",1008.0,0.71795382537517,3.843990666177859,0.71795382537517,3.126036840802689
1003890910,6,14,37,0,РЦ СБЛ СМР,a6ef32dc-76e3-11e9-80c5-0cc47a817925,Хранение от поставщика,Негазированные питьевые воды от 3л,2100.0,8.02097527777778,8.24918764737348,8.02097527777778,0.2282123695957008
1003666013,7,20,21,2,РЦ СБЛ ВЛГ-2 WMS,29966288-1e27-11ed-885a-08c0eb32014b,Хранение от поставщика,"Воды минеральные менее 0,8л",870.0,0.61966252785357,2.106687743705029,0.61966252785357,1.487025215851459
1003685815,9,29,22,4,РЦ СБЛ ВЛГ-2 WMS,fe37e020-bf16-11ed-ae77-08c0eb320147,Кросс-док,"Соки и нектары более 0,5л и до 1,5л",4392.0,4.17778975,10.603038402285664,4.17778975,6.425248652285664
1003850934,6,22,34,5,РЦ СБЛ СМР,fe37e020-bf16-11ed-ae77-08c0eb320147,Хранение от поставщика,Морсы,432.0,0.944876435,2.2134086456539945,0.9448764350000001,1.2685322106539945
1003874155,7,4,36,4,РЦ СБЛ РНД-2,875bbabf-ba1c-11eb-85ab-1c34dae33151,Хранение от поставщика,"Газированные напитки менее 0,8л",336.0,0.908263425842696,1.2215197022121889,0.908263425842696,0.3132562763694928
1003700797,16,20,25,5,РЦ СБЛ НН,6d6798d6-3f3a-11e9-80c5-0cc47a817925,Хранение от поставщика,Энергетические напитки,7296.0,15.0370534780952,13.48578174309321,15.037053478095201,-1.5512717350019916
1003895284,7,16,38,2,РЦ СБЛ КНД-3,3cd9aeaa-76f8-11ee-8860-08c0eb32014b,Хранение от поставщика,"Вкусовые питьевые воды менее 0,8л",1096.0,3.87792624494455,3.7285864374271984,3.8779262449445495,-0.1493398075173511
1003865984,7,29,35,5,РЦ СБЛ ВЛГ-2 WMS,dd0df3c5-e7cb-11ec-ae71-08c0eb320147,Хранение от поставщика,"Газированные питьевые воды от 0,8л до 3л",1008.0,3.36212004655172,2.715382731695933,3.3621200465517194,-0.6467373148557862
1003613081,6,25,17,5,РЦ СБЛ ВЛГ-2 WMS,b816da60-c690-11ea-b7de-0050560306e1,Хранение от поставщика,"Квас от 0,8л",432.0,1.1830879,2.125416974527065,1.1830879,0.9423290745270647
1003759426,7,3,27,4,РЦ СБЛ РНД-2,8d590545-fff9-11eb-a0ee-ec0d9a21b021,Хранение от поставщика,"Газированные питьевые воды менее 0,8л",108.0,3.08403300917266,1.2970686315628,3.08403300917266,-1.7869643776098603
1003847831,10,22,34,5,РЦ СБЛ ВЛГ-2 WMS,5c37154a-c40f-11ed-ae77-08c0eb320147,Хранение от поставщика,"Газированные напитки менее 0,8л",840.0,0.96575585,2.554884716595399,0.96575585,1.589128866595399
1003851563,8,28,35,4,РЦ СБЛ НСК,141f3c79-76a9-11eb-85a3-1c34dae33151,Хранение от поставщика,"Газированные напитки менее 0,8л",12096.0,11.9170631,14.582938936159136,11.9170631,2.6658758361591364
1003868842,10,28,35,4,РЦ СБЛ ВЛГ-2 WMS,cfad39c9-bd3e-11eb-85ab-1c34dae33151,Хранение от поставщика,"Воды минеральные от 0,8л до 3л",3024.0,3.78160656933962,5.089863945916626,3.7816065693396204,1.3082573765770058
1003739470,8,25,26,3,РЦ СБЛ ВЛГ-2 WMS,8d590545-fff9-11eb-a0ee-ec0d9a21b021,Хранение от поставщика,Негазированные питьевые воды от 3л,3240.0,10.3798444666667,9.930914593804577,10.379844466666702,-0.4489298728621254
1003686225,7,28,22,3,РЦ СБЛ КСК,4a4ffdc0-715c-11ed-b96e-08c0eb32008b,Хранение от поставщика,"Воды минеральные от 0,8л до 3л",12096.0,16.9226701134615,10.165614181969753,16.922670113461503,-6.757055931491751
1003759426,7,3,27,4,РЦ СБЛ РНД-2,8d590545-fff9-11eb-a0ee-ec0d9a21b021,Хранение от поставщика,"Негазированные питьевые воды менее 0,8л",132.0,3.7693736778777,1.7246168127158845,3.7693736778777,-2.0447568651618155
1003910473,6,16,38,2,РЦ СБЛ КНД-3,dd0df3c5-e7cb-11ec-ae71-08c0eb320147,Хранение от поставщика,Негазированные питьевые воды от 3л,1320.0,1.42921133963964,3.9452961760534406,1.4292113396396402,2.5160848364138007
1003887363,8,8,37,1,РЦ СБЛ НН,f867fb96-d63d-11ea-8598-1c34dae33151,Хранение от поставщика,"Газированные напитки менее 0,8л",324.0,2.32232425759717,3.0666179929060626,2.3223242575971703,0.7442937353088923
1003849670,8,20,34,3,РЦ СБЛ КСК,0bd913d9-4b82-11ec-85ad-1c34dae33151,Хранение от поставщика,"Газированные напитки от 0,8л",1062.0,10.5722958857724,6.903712636817602,10.572295885772398,-3.6685832489547963
1003884915,10,9,37,2,РЦ СБЛ ВРЖ Нечаевка,5710771d-887c-11eb-85a3-1c34dae33151,Кросс-док,"Газированные питьевые воды от 0,8л до 3л",912.0,4.31272420196079,6.592761039050564,4.31272420196079,2.2800368370897743
1003581871,8,7,15,1,РЦ СБЛ ВЛГ-2 WMS,894f9a49-ef79-11ef-aa23-be3af2b6059f,Кросс-док,Энергетические напитки,1728.0,1.50884445,4.338773156051632,1.5088444499999998,2.829928706051632
1003864110,7,26,35,2,РЦ СБЛ РНД-2,8d590545-fff9-11eb-a0ee-ec0d9a21b021,Хранение от поставщика,Негазированные питьевые воды от 3л,1800.0,16.8266048616601,11.653395340461234,16.8266048616601,-5.173209521198867
1003891227,12,9,37,2,РЦ СБЛ КНД-3,dd0df3c5-e7cb-11ec-ae71-08c0eb320147,Хранение от поставщика,Негазированные питьевые воды от 3л,2040.0,5.04058240450122,7.495999096478404,5.04058240450122,2.4554166919771845
1003891227,12,9,37,2,РЦ СБЛ КНД-3,dd0df3c5-e7cb-11ec-ae71-08c0eb320147,Хранение от поставщика,"Воды минеральные от 0,8л до 3л",504.0,1.24532035875912,3.8170494015335716,1.24532035875912,2.571729042774452
1003825049,7,9,32,6,РЦ СБЛ НСК,a6ef32dc-76e3-11e9-80c5-0cc47a817925,Хранение от поставщика,"Негазированные питьевые воды от 0,8л до 3л",2520.0,12.6878453430556,7.747134508996273,12.687845343055601,-4.940710834059328
1003864309,1,28,35,4,РЦ СБЛ НСК,0bd913d9-4b82-11ec-85ad-1c34dae33151,Хранение от поставщика,"Газированные напитки менее 0,8л",216.0,0.498238748424069,1.2762419210535272,0.498238748424069,0.7780031726294582
1003878474,6,6,36,6,РЦ СБЛ НН,29966288-1e27-11ed-885a-08c0eb32014b,Хранение от поставщика,"Воды минеральные от 0,8л до 3л",2520.0,3.46560635714286,5.434320386999202,3.4656063571428604,1.9687140298563417
1003626611,6,1,18,4,РЦ СБЛ ВЛГ-2 WMS,875bbabf-ba1c-11eb-85ab-1c34dae33151,Хранение от поставщика,"Газированные напитки менее 0,8л",312.0,0.48876011359736,2.1823027136126085,0.48876011359736005,1.6935426000152485
1003873815,9,2,36,2,РЦ СБЛ НСК,a6ef32dc-76e3-11e9-80c5-0cc47a817925,Хранение от поставщика,Газированные питьевые воды от 3л,252.0,0.226977972642487,1.2785925062434063,0.226977972642487,1.0516145336009193
1003783062,12,17,29,4,РЦ СБЛ НН,875bbabf-ba1c-11eb-85ab-1c34dae33151,Хранение от поставщика,"Квас от 0,8л",384.0,1.02010298694885,4.712425114630098,1.02010298694885,3.6923221276812477
1003853328,7,23,34,6,РЦ СБЛ НН,e0126b4f-d4f1-11eb-85ac-1c34dae33151,Хранение от поставщика,Компоты,198.0,6.86217787462687,1.8894544582357369,6.8621778746268705,-4.972723416391133
1003834378,6,14,33,4,РЦ СБЛ РНД-2,875bbabf-ba1c-11eb-85ab-1c34dae33151,Хранение от поставщика,"Газированные напитки менее 0,8л",96.0,0.331987021395349,1.063929682179292,0.33198702139534897,0.7319426607839431
1003870051,9,4,36,4,РЦ СБЛ ВРЖ Нечаевка,5710771d-887c-11eb-85a3-1c34dae33151,Кросс-док,Негазированные питьевые воды от 3л,1080.0,4.469639640625,3.6132832311397807,4.469639640624999,-0.8563564094852185
1003883519,13,3,36,3,РЦ СБЛ ВЛГ-2 WMS,a6ef32dc-76e3-11e9-80c5-0cc47a817925,Хранение от поставщика,Газированные питьевые воды от 3л,1428.0,11.8734154226667,3.2797599095717462,11.873415422666698,-8.593655513094951
1003882266,14,9,37,2,РЦ СБЛ НН,a478fb2c-733c-11ea-bca4-0050560306e1,Хранение от поставщика,Энергетические напитки,2676.0,7.39815085,4.5792848342972245,7.398150850000001,-2.8188660157027767
1003835645,1,14,33,4,РЦ СБЛ НСК,0bd913d9-4b82-11ec-85ad-1c34dae33151,Хранение от поставщика,"Холодные чаи менее 0,8л",12.0,0.0572498162470628,0.3532924854228515,0.0572498162470628,0.2960426691757887
1003829150,10,17,33,0,РЦ СБЛ УФА-2,67e22ba2-008a-11ee-885e-08c0eb32014b,Хранение от поставщика,"Воды минеральные от 0,8л до 3л",6.0,0.815101666666667,0.7893366360125487,0.815101666666667,-0.02576503065411828
1003700803,10,10,24,2,РЦ СБЛ ВЛГ-2 WMS,6d6798d6-3f3a-11e9-80c5-0cc47a817925,Хранение от поставщика,"Холодные чаи от 0,8л",456.0,0.693216442060492,1.516740631448636,0.693216442060492,0.823524189388144
1003700801,11,6,23,5,РЦ СБЛ ВЛГ-2 WMS,6d6798d6-3f3a-11e9-80c5-0cc47a817925,Хранение от поставщика,Энергетические напитки,7296.0,82.5155755172222,16.200876006163107,82.5155755172222,-66.3146995110591
1003885565,12,11,37,4,РЦ СБЛ СМР,c1ae6f0a-ee93-11ea-8599-1c34dae33151,Хранение от поставщика,"Негазированные питьевые воды от 0,8л до 3л",504.0,2.57762397129841,2.576142505054893,2.5776239712984097,-0.0014814662435167492
1003887429,12,13,37,6,РЦ СБЛ КНД-3,fe37e020-bf16-11ed-ae77-08c0eb320147,Хранение от поставщика,Морсы,144.0,1.00060012555556,1.3406463081543176,1.00060012555556,0.3400461825987575
1003902666,12,11,37,4,РЦ СБЛ РНД-2,29966288-1e27-11ed-885a-08c0eb32014b,Хранение от поставщика,"Воды минеральные менее 0,8л",870.0,0.386928366666667,3.054314797620463,0.386928366666667,2.6673864309537962
1003889419,7,13,37,6,РЦ СБЛ КНД-3,88441339-b3d5-11ef-b973-08c0eb32008b,Хранение от поставщика,"Газированные питьевые воды от 0,8л до 3л",504.0,2.23511028350515,1.9562631861664588,2.23511028350515,-0.2788470973386914
1003849729,4,21,34,4,РЦ СБЛ НСК,0bd913d9-4b82-11ec-85ad-1c34dae33151,Хранение от поставщика,Безалкогольное пиво,240.0,1.3121721155303,1.985816258909704,1.3121721155303,0.6736441433794038
1003820037,6,7,32,4,РЦ СБЛ РНД-2,875bbabf-ba1c-11eb-85ab-1c34dae33151,Хранение от поставщика,"Газированные напитки от 0,8л",1548.0,2.43524427249071,2.296950762836258,2.4352442724907095,-0.13829350965445153
1003703118,12,10,24,2,РЦ СБЛ НН,a478fb2c-733c-11ea-bca4-0050560306e1,Хранение от поставщика,Энергетические напитки,888.0,6.7490687,6.879179747709792,6.749068699999998,0.13011104770979376
1003853329,7,23,34,6,РЦ СБЛ НН,e0126b4f-d4f1-11eb-85ac-1c34dae33151,Кросс-док,"Квас от 0,8л",300.0,1.17664325657895,2.342713218973133,1.17664325657895,1.1660699623941828
1003815066,7,14,33,4,РЦ СБЛ УФА-2,c1ae6f0a-ee93-11ea-8599-1c34dae33151,Хранение от поставщика,"Воды минеральные менее 0,8л",1560.0,1.19016652646951,3.0296053601020345,1.19016652646951,1.8394388336325245
1003858357,11,22,34,5,РЦ СБЛ СМР,e9e96750-80a9-11eb-85a3-1c34dae33151,Хранение от поставщика,"Негазированные питьевые воды от 0,8л до 3л",1446.0,12.326726599383,4.275270051835459,12.326726599383004,-8.051456547547545
