receipt_id,supplier_id,warehouse_name,inbnd_type,inbnd_duration_min,started_at,sku_cnt,sku_volume,category_level4_cnt,start_hour,start_week,start_weekday,start_hour_sin,start_hour_cos,start_week_sin,start_week_cos,start_weekday_sin,start_weekday_cos,is_extreme_dur,is_extreme_cnt,predicted_time,actual_time,error
1003625689,5c37154a-c40f-11ed-ae77-08c0eb320147,РЦ СБЛ ВЛГ-2 WMS,Кросс-док,7.50324136666667,2025-04-28 09:18:45.551,2520.0,4445.514576,1,9,18,1,0.7071067811865476,-0.7071067811865475,-0.43388373911755757,-0.9009688679024194,0.12053668025532305,0.992708874098054,0,0,4.405544232011758,7.503241366666669,-3.0976971346549105
1003893521,0bd913d9-4b82-11ec-85ad-1c34dae33151,РЦ СБЛ НСК,Хранение от поставщика,14.9269555333333,2025-09-11 03:36:54.062,6534.0,15431.375584668,7,3,37,4,0.7071067811865475,0.7071067811865476,0.974927912181824,-0.22252093395631314,0.4647231720437685,0.8854560256532099,0,0,31.072050343638363,14.926955533333304,16.14509481030506
1003743658,a478fb2c-733c-11ea-bca4-0050560306e1,РЦ СБЛ РНД-2,Хранение от поставщика,1.91643553333333,2025-07-04 11:55:51.244,972.0,427.9728,1,11,27,5,0.258819045102521,-0.9659258262890682,-0.7818314824680304,0.6234898018587328,0.5680647467311558,0.8229838658936564,0,0,4.236279047252673,1.91643553333333,2.3198435139193423
1003564012,a478fb2c-733c-11ea-bca4-0050560306e1,РЦ СДГ КСК,Кросс-док,6.43650576666667,2025-04-10 05:26:08.404,2448.0,1060.884,1,5,15,4,0.9659258262890683,0.25881904510252074,0.7818314824680284,0.6234898018587354,0.4647231720437685,0.8854560256532099,0,0,7.451583827845995,6.43650576666667,1.0150780611793246
1003652357,f9b41e55-548c-11ea-879c-0050560306e1,РЦ СБЛ ВЛГ-2 WMS,Кросс-док,15.1024871,2025-05-12 09:44:12.185,2184.0,1179.36,1,9,20,1,0.7071067811865476,-0.7071067811865475,-0.7818314824680302,0.6234898018587329,0.12053668025532305,0.992708874098054,0,0,4.755290775380091,15.102487100000003,-10.347196324619912
1003875662,5c37154a-c40f-11ed-ae77-08c0eb320147,РЦ СБЛ ВРЖ Нечаевка,Хранение от поставщика,22.2528023166667,2025-09-02 09:30:48.244,6648.0,9565.08195768,2,9,36,2,0.7071067811865476,-0.7071067811865475,0.781831482468029,0.6234898018587345,0.23931566428755774,0.970941817426052,0,0,10.215537874714226,22.252802316666696,-12.03726444195247
1003844571,25aa0efd-d1be-11ea-b7de-0050560306e1,РЦ СБЛ НСК,Кросс-док,7.69846838333333,2025-08-31 01:26:09.301,5940.0,14997.1338,1,1,35,0,0.25881904510252074,0.9659258262890683,-1.2246467991473533e-15,1.0,0.0,1.0,0,0,20.49708643896859,7.698468383333331,12.79861805563526
1003875288,e9912507-fb18-11ee-b973-08c0eb32008b,РЦ СБЛ СМР,Хранение от поставщика,1.68557401666667,2025-09-13 09:10:35.945,1400.0,609.84,1,9,37,6,0.7071067811865476,-0.7071067811865475,0.974927912181824,-0.22252093395631314,0.6631226582407952,0.7485107481711011,0,0,3.3878885941478574,1.68557401666667,1.7023145774811874
1003578655,a478fb2c-733c-11ea-bca4-0050560306e1,РЦ СБЛ ВЛГ-2 WMS,Кросс-док,4.11548463333333,2025-04-07 09:10:46.767,996.0,443.6712,1,9,15,1,0.7071067811865476,-0.7071067811865475,0.7818314824680284,0.6234898018587354,0.12053668025532305,0.992708874098054,0,0,3.437092767366383,4.11548463333333,-0.678391865966947
1003905336,20d10c55-606b-11ef-ae7a-08c0eb320147,РЦ СБЛ ВЛГ-2 WMS,Кросс-док,7.18825395,2025-09-13 09:49:06.037,4656.0,3141.54288,1,9,37,6,0.7071067811865476,-0.7071067811865475,0.974927912181824,-0.22252093395631314,0.6631226582407952,0.7485107481711011,0,0,7.508736535004301,7.188253949999999,0.32048258500430205
1003836359,8d590545-fff9-11eb-a0ee-ec0d9a21b021,РЦ СБЛ РНД-2,Хранение от поставщика,65.0082910166667,2025-08-12 12:18:01.964,3486.0,21985.296,3,12,33,2,1.2246467991473532e-16,-1.0,-0.9749279121818234,-0.22252093395631553,0.23931566428755774,0.970941817426052,0,0,31.56775685201481,65.0082910166667,-33.44053416465189
1003907553,29966288-1e27-11ed-885a-08c0eb32014b,РЦ СБЛ НН,Хранение от поставщика,1.46724865,2025-09-16 05:45:22.544,1872.0,1848.2256,2,5,38,2,0.9659258262890683,0.25881904510252074,0.43388373911755934,-0.9009688679024186,0.23931566428755774,0.970941817426052,0,0,4.089496908015122,1.4672486499999997,2.6222482580151225
1003728551,875bbabf-ba1c-11eb-85ab-1c34dae33151,РЦ СБЛ НН,Хранение от поставщика,20.5760406166667,2025-06-19 14:39:34.511,4236.0,10817.6385,3,14,25,4,-0.4999999999999998,-0.8660254037844388,-0.43388373911755734,-0.9009688679024195,0.4647231720437685,0.8854560256532099,0,0,15.90110438724863,20.576040616666702,-4.674936229418073
1003895748,1bcc3845-fffb-11eb-a0ee-ec0d9a21b021,РЦ СБЛ КНД-3,Хранение от поставщика,4.8865689,2025-09-11 11:59:06.002,3024.0,7299.3312,2,11,37,4,0.258819045102521,-0.9659258262890682,0.974927912181824,-0.22252093395631314,0.4647231720437685,0.8854560256532099,0,0,7.259470670053115,4.886568899999999,2.372901770053115
1003747733,5c37154a-c40f-11ed-ae77-08c0eb320147,РЦ СБЛ ВЛГ-2 WMS,Хранение от поставщика,4.01722066666667,2025-06-30 08:45:48.620,720.0,1263.74256,1,8,27,1,0.8660254037844387,-0.49999999999999983,-0.7818314824680304,0.6234898018587328,0.12053668025532305,0.992708874098054,0,0,3.2358003535806024,4.01722066666667,-0.781420313086068
1003902503,9a1e1ba8-211b-11ec-a0ee-ec0d9a21b021,РЦ СБЛ НН,Кросс-док,9.39930673333333,2025-09-16 05:52:20.576,3024.0,3238.704,1,5,38,2,0.9659258262890683,0.25881904510252074,0.43388373911755934,-0.9009688679024186,0.23931566428755774,0.970941817426052,0,0,3.2653569896647054,9.399306733333331,-6.133949743668626
1003757816,a478fb2c-733c-11ea-bca4-0050560306e1,РЦ СБЛ НН,Хранение от поставщика,4.37756298333333,2025-07-08 08:15:45.066,804.0,388.4592,1,8,28,2,0.8660254037844387,-0.49999999999999983,-9.797174393178826e-16,1.0,0.23931566428755774,0.970941817426052,0,0,4.146673697389994,4.37756298333333,-0.23088928594333602
1003818847,a6ef32dc-76e3-11e9-80c5-0cc47a817925,РЦ СБЛ НСК,Хранение от поставщика,21.3215178833333,2025-08-06 05:18:42.320,3588.0,30415.19424,2,5,32,3,0.9659258262890683,0.25881904510252074,-0.4338837391175571,-0.9009688679024196,0.3546048870425356,0.9350162426854148,0,0,21.97185673139132,21.321517883333303,0.6503388480580163
1003828092,4d0c5473-7955-11e9-80c5-0cc47a817925,РЦ СБЛ ВЛГ-2 WMS,Хранение от поставщика,2.82619683333333,2025-08-11 07:24:40.952,2088.0,11810.3328,2,7,33,1,0.9659258262890683,-0.25881904510252063,-0.9749279121818234,-0.22252093395631553,0.12053668025532305,0.992708874098054,0,0,9.992966532654153,2.82619683333333,7.166769699320823
1003893342,8d590545-fff9-11eb-a0ee-ec0d9a21b021,РЦ СБЛ ВЛГ-2 WMS,Хранение от поставщика,4.50148488333333,2025-09-11 07:21:51.312,2808.0,15963.408,2,7,37,4,0.9659258262890683,-0.25881904510252063,0.974927912181824,-0.22252093395631314,0.4647231720437685,0.8854560256532099,0,0,12.295652724193063,4.50148488333333,7.794167840859734
1003895284,3cd9aeaa-76f8-11ee-8860-08c0eb32014b,РЦ СБЛ КНД-3,Хранение от поставщика,7.23219091666667,2025-09-16 07:48:58.490,2044.0,1468.103,2,7,38,2,0.9659258262890683,-0.25881904510252063,0.43388373911755934,-0.9009688679024186,0.23931566428755774,0.970941817426052,0,0,5.820766591939714,7.232190916666672,-1.4114243247269576
1003840469,c1ae6f0a-ee93-11ea-8599-1c34dae33151,РЦ СБЛ ВЛГ-2 WMS,Хранение от поставщика,2.15743581666667,2025-08-16 06:23:12.151,3033.0,6303.56328,2,6,33,6,1.0,6.123233995736766e-17,-0.9749279121818234,-0.22252093395631553,0.6631226582407952,0.7485107481711011,0,0,5.625981453557059,2.15743581666667,3.468545636890389
1003719975,4d0c5473-7955-11e9-80c5-0cc47a817925,РЦ СБЛ НН,Хранение от поставщика,59.0594537333333,2025-06-19 10:00:26.987,4864.0,27321.5648,2,10,25,4,0.49999999999999994,-0.8660254037844387,-0.43388373911755734,-0.9009688679024195,0.4647231720437685,0.8854560256532099,0,0,24.474383044243368,59.05945373333331,-34.58507068908994
1003825273,3cd9aeaa-76f8-11ee-8860-08c0eb32014b,РЦ СБЛ ВЛГ-2 WMS,Хранение от поставщика,6.64080098333333,2025-08-10 10:31:32.846,3048.0,2189.226,1,10,32,0,0.49999999999999994,-0.8660254037844387,-0.4338837391175571,-0.9009688679024196,0.0,1.0,0,0,4.436855049060534,6.640800983333329,-2.203945934272795
1003703012,a478fb2c-733c-11ea-bca4-0050560306e1,РЦ СБЛ КСК,Хранение от поставщика,12.5885603666667,2025-06-26 10:05:57.209,1872.0,747.984,1,10,26,4,0.49999999999999994,-0.8660254037844387,-0.9749279121818242,-0.22252093395631184,0.4647231720437685,0.8854560256532099,0,0,6.736992572085513,12.588560366666698,-5.851567794581185
1003811585,e0126b4f-d4f1-11eb-85ac-1c34dae33151,РЦ СБЛ НН,Кросс-док,1.49293948333333,2025-08-02 08:30:40.150,288.0,448.416,2,8,31,6,0.8660254037844387,-0.49999999999999983,0.4338837391175591,-0.9009688679024187,0.6631226582407952,0.7485107481711011,0,0,2.921934993709162,1.49293948333333,1.4289955103758318
1003859814,875bbabf-ba1c-11eb-85ab-1c34dae33151,РЦ СБЛ РНД-2,Хранение от поставщика,4.27312451666667,2025-08-28 13:08:18.312,1527.0,3507.33,2,13,35,4,-0.2588190451025208,-0.9659258262890683,-1.2246467991473533e-15,1.0,0.4647231720437685,0.8854560256532099,0,0,5.333789293096901,4.273124516666669,1.0606647764302322
1003822537,fe37e020-bf16-11ed-ae77-08c0eb320147,РЦ СБЛ НСК,Кросс-док,6.83352478333333,2025-08-12 05:16:46.900,3912.0,5597.2896,1,5,33,2,0.9659258262890683,0.25881904510252074,-0.9749279121818234,-0.22252093395631553,0.23931566428755774,0.970941817426052,0,0,5.577631406277046,6.833524783333331,-1.2558933770562852
1003627069,b816da60-c690-11ea-b7de-0050560306e1,РЦ СБЛ ВЛГ-2 WMS,Хранение от поставщика,8.71136795,2025-05-02 09:15:27.725,2088.0,3351.348,2,9,18,5,0.7071067811865476,-0.7071067811865475,-0.43388373911755757,-0.9009688679024194,0.5680647467311558,0.8229838658936564,0,0,6.042070684900123,8.711367949999998,-2.6692972650998747
1003704538,875bbabf-ba1c-11eb-85ab-1c34dae33151,РЦ СБЛ ТМН,Кросс-док,15.6518229333333,2025-06-06 05:09:48.865,5838.0,13995.285375,3,5,23,5,0.9659258262890683,0.25881904510252074,0.9749279121818238,-0.22252093395631362,0.5680647467311558,0.8229838658936564,0,0,12.774321609079436,15.651822933333301,-2.877501324253865
1003696225,b816da60-c690-11ea-b7de-0050560306e1,РЦ СБЛ ВЛГ-2 WMS,Хранение от поставщика,2.47840305,2025-06-06 06:05:58.407,576.0,939.276,2,6,23,5,1.0,6.123233995736766e-17,0.9749279121818238,-0.22252093395631362,0.5680647467311558,0.8229838658936564,0,0,2.9236289663547104,2.47840305,0.44522591635471054
1003780150,718f5685-c732-11ed-ae77-08c0eb320147,РЦ СБЛ ВЛГ-2 WMS,Хранение от поставщика,12.99155405,2025-07-20 05:58:27.336,5760.0,20748.84096,1,5,29,0,0.9659258262890683,0.25881904510252074,0.7818314824680291,0.6234898018587344,0.0,1.0,0,0,14.726569676554067,12.991554049999998,1.7350156265540697
1003685225,fe37e020-bf16-11ed-ae77-08c0eb320147,РЦ СБЛ ВЛГ-2 WMS,Хранение от поставщика,0.639445733333333,2025-05-29 09:51:57.783,396.0,566.5968,1,9,22,4,0.7071067811865476,-0.7071067811865475,0.7818314824680271,0.6234898018587369,0.4647231720437685,0.8854560256532099,0,0,2.6915708565736307,0.639445733333333,2.0521251232402977
1003729597,a478fb2c-733c-11ea-bca4-0050560306e1,РЦ СБЛ РНД-2,Хранение от поставщика,4.8784165,2025-06-27 11:34:58.641,1476.0,630.8232,1,11,26,5,0.258819045102521,-0.9659258262890682,-0.9749279121818242,-0.22252093395631184,0.5680647467311558,0.8229838658936564,0,0,4.0308409878004525,4.878416499999999,-0.8475755121995467
1003637340,141f3c79-76a9-11eb-85a3-1c34dae33151,РЦ СБЛ ВЛГ-2 WMS,Хранение от поставщика,1.15603623333333,2025-05-15 08:40:46.867,1008.0,544.32,1,8,20,4,0.8660254037844387,-0.49999999999999983,-0.7818314824680302,0.6234898018587329,0.4647231720437685,0.8854560256532099,0,0,3.772877143447906,1.15603623333333,2.6168409101145755
1003885630,a6ef32dc-76e3-11e9-80c5-0cc47a817925,РЦ СБЛ ВРЖ Нечаевка,Хранение от поставщика,12.63322605,2025-09-07 11:36:36.908,5112.0,30204.861696,3,11,36,0,0.258819045102521,-0.9659258262890682,0.781831482468029,0.6234898018587345,0.0,1.0,0,0,20.199445613926752,12.633226049999998,7.566219563926754
1003791497,5c37154a-c40f-11ed-ae77-08c0eb320147,РЦ СБЛ ВЛГ-2 WMS,Хранение от поставщика,11.8077125333333,2025-07-25 08:55:48.462,2532.0,4469.692536,1,8,30,5,0.8660254037844387,-0.49999999999999983,0.9749279121818246,-0.22252093395630992,0.5680647467311558,0.8229838658936564,0,0,5.610126495997444,11.807712533333302,-6.197586037335857
1003895153,3cd9aeaa-76f8-11ee-8860-08c0eb32014b,РЦ СБЛ ВЛГ-2 WMS,Кросс-док,3.47773516666667,2025-09-14 10:54:07.707,2352.0,1689.324,1,10,37,0,0.49999999999999994,-0.8660254037844387,0.974927912181824,-0.22252093395631314,0.0,1.0,0,0,3.397328639507699,3.4777351666666694,-0.08040652715897023
1003907613,3f86f1f4-2a8e-11ed-b106-08c0eb31fffb,РЦ СБЛ НСК,Хранение от поставщика,4.57544936666667,2025-09-17 05:00:40.430,1554.0,1199.94504,3,5,38,3,0.9659258262890683,0.25881904510252074,0.43388373911755934,-0.9009688679024186,0.3546048870425356,0.9350162426854148,0,0,3.6337077949420973,4.57544936666667,-0.941741571724573
1003890948,f867fb96-d63d-11ea-8598-1c34dae33151,РЦ СБЛ КНД-3,Хранение от поставщика,7.33419871666667,2025-09-12 11:31:38.936,1764.0,2734.70475,3,11,37,5,0.258819045102521,-0.9659258262890682,0.974927912181824,-0.22252093395631314,0.5680647467311558,0.8229838658936564,0,0,9.038825233717684,7.334198716666669,1.7046265170510155
1003628953,1c8d2a76-0139-11ef-b10b-08c0eb31fffb,РЦ СБЛ ВЛГ-2 WMS,Хранение от поставщика,6.50540023333333,2025-05-03 08:28:35.954,2142.0,5251.151556,2,8,18,6,0.8660254037844387,-0.49999999999999983,-0.43388373911755757,-0.9009688679024194,0.6631226582407952,0.7485107481711011,0,0,5.769200413068655,6.505400233333331,-0.7361998202646758
1003801186,8d590545-fff9-11eb-a0ee-ec0d9a21b021,РЦ СБЛ РНД-2,Хранение от поставщика,39.3160515,2025-07-24 10:42:13.725,5370.0,23051.196,4,10,30,4,0.49999999999999994,-0.8660254037844387,0.9749279121818246,-0.22252093395630992,0.4647231720437685,0.8854560256532099,0,0,29.424305057140284,39.31605149999999,-9.89174644285971
1003814788,141f3c79-76a9-11eb-85a3-1c34dae33151,РЦ СБЛ УФА-2,Хранение от поставщика,8.18782753333333,2025-08-10 04:45:19.299,1536.0,829.44,1,4,32,0,0.8660254037844386,0.5000000000000001,-0.4338837391175571,-0.9009688679024196,0.0,1.0,0,0,6.020438223236088,8.18782753333333,-2.167389310097242
1003903027,875bbabf-ba1c-11eb-85ab-1c34dae33151,РЦ СБЛ КНД-3,Хранение от поставщика,9.07407981666667,2025-09-17 09:45:07.966,4975.0,11213.40825,2,9,38,3,0.7071067811865476,-0.7071067811865475,0.43388373911755934,-0.9009688679024186,0.3546048870425356,0.9350162426854148,0,0,9.013306156574206,9.074079816666668,-0.06077366009246177
1003853179,6f6d0c3f-aefe-11ea-b969-0050560306e1,РЦ СБЛ СМР,Хранение от поставщика,21.6415806666667,2025-08-25 04:36:37.512,9912.0,22645.075968,2,4,35,1,0.8660254037844386,0.5000000000000001,-1.2246467991473533e-15,1.0,0.12053668025532305,0.992708874098054,0,0,24.37898477907395,21.641580666666698,2.7374041124072512
1003627550,25aa0efd-d1be-11ea-b7de-0050560306e1,РЦ СБЛ ВЛГ-2 WMS,Хранение от поставщика,3.07449563333333,2025-04-28 09:32:24.480,1560.0,1284.34176,1,9,18,1,0.7071067811865476,-0.7071067811865475,-0.43388373911755757,-0.9009688679024194,0.12053668025532305,0.992708874098054,0,0,4.480181094289362,3.0744956333333295,1.4056854609560325
1003887363,f867fb96-d63d-11ea-8598-1c34dae33151,РЦ СБЛ НН,Хранение от поставщика,12.17069935,2025-09-08 08:26:55.910,1698.0,3557.69712,5,8,37,1,0.8660254037844387,-0.49999999999999983,0.974927912181824,-0.22252093395631314,0.12053668025532305,0.992708874098054,0,0,10.762393468209947,12.170699350000001,-1.4083058817900547
1003666693,6f6d0c3f-aefe-11ea-b969-0050560306e1,РЦ СБЛ ВЛГ-2 WMS,Хранение от поставщика,4.39579543333333,2025-05-17 07:41:15.666,1920.0,6712.32,1,7,20,6,0.9659258262890683,-0.25881904510252063,-0.7818314824680302,0.6234898018587329,0.6631226582407952,0.7485107481711011,0,0,6.277187476856856,4.39579543333333,1.881392043523526
1003713502,7fbebc6d-3f7a-11ef-ae7a-08c0eb320147,РЦ СБЛ КСК,Хранение от поставщика,15.73783475,2025-06-09 03:33:55.328,804.0,6101.65248,1,3,24,1,0.7071067811865475,0.7071067811865476,0.4338837391175589,-0.9009688679024188,0.12053668025532305,0.992708874098054,0,0,7.062358857023542,15.737834750000003,-8.675475892976461
1003847494,036140e6-3639-11f0-aa25-be3af2b6059f,РЦ СБЛ КСК,Хранение от поставщика,2.0912416,2025-08-18 05:18:58.415,756.0,516.97844352,1,5,34,1,0.9659258262890683,0.25881904510252074,-0.7818314824680284,0.6234898018587354,0.12053668025532305,0.992708874098054,0,0,3.6464890451403233,2.0912416000000005,1.5552474451403229
1003615926,718f5685-c732-11ed-ae77-08c0eb320147,РЦ СБЛ ВЛГ-2 WMS,Хранение от поставщика,2.77928428333333,2025-04-26 11:17:19.927,1536.0,5518.583808,1,11,17,6,0.258819045102521,-0.9659258262890682,0.43388373911755707,-0.9009688679024196,0.6631226582407952,0.7485107481711011,0,0,4.257247162961883,2.77928428333333,1.4779628796285524
1003791756,f867fb96-d63d-11ea-8598-1c34dae33151,РЦ СБЛ РНД-2,Хранение от поставщика,10.2200538166667,2025-07-25 11:07:25.425,2652.0,2897.881236,4,11,30,5,0.258819045102521,-0.9659258262890682,0.9749279121818246,-0.22252093395630992,0.5680647467311558,0.8229838658936564,0,0,12.085650744285166,10.220053816666699,1.8655969276184674
1003878554,3f86f1f4-2a8e-11ed-b106-08c0eb31fffb,РЦ СБЛ НСК,Хранение от поставщика,9.25925623333333,2025-09-03 07:24:32.188,52.0,97.9219424,3,7,36,3,0.9659258262890683,-0.25881904510252063,0.781831482468029,0.6234898018587345,0.3546048870425356,0.9350162426854148,0,0,2.2826587714967985,9.25925623333333,-6.976597461836532
1003853942,a478fb2c-733c-11ea-bca4-0050560306e1,РЦ СБЛ НН,Хранение от поставщика,4.80705475,2025-08-26 08:07:52.213,2832.0,1273.344,1,8,35,2,0.8660254037844387,-0.49999999999999983,-1.2246467991473533e-15,1.0,0.23931566428755774,0.970941817426052,0,0,5.204099727199587,4.80705475,0.3970449771995872
1003735637,5c37154a-c40f-11ed-ae77-08c0eb320147,РЦ СБЛ ВЛГ-2 WMS,Кросс-док,4.61135371666667,2025-06-23 08:46:19.866,1452.0,1417.15926,1,8,26,1,0.8660254037844387,-0.49999999999999983,-0.9749279121818242,-0.22252093395631184,0.12053668025532305,0.992708874098054,0,0,3.8071114811802467,4.61135371666667,-0.8042422354864236
1003893245,29966288-1e27-11ed-885a-08c0eb32014b,РЦ СБЛ ВРЖ Нечаевка,Хранение от поставщика,49.4445779666667,2025-09-11 08:42:38.381,11724.0,22025.517408,5,8,37,4,0.8660254037844387,-0.49999999999999983,0.974927912181824,-0.22252093395631314,0.4647231720437685,0.8854560256532099,0,0,24.766056451743427,49.4445779666667,-24.678521514923272
1003603445,c7da00ce-3602-11ee-885f-08c0eb32014b,РЦ СБЛ ВЛГ-2 WMS,Хранение от РЦ,1.41799801666667,2025-04-13 08:12:16.374,72.0,31.581,1,8,15,0,0.8660254037844387,-0.49999999999999983,0.7818314824680284,0.6234898018587354,0.0,1.0,0,0,2.093892590550436,1.41799801666667,0.6758945738837661
1003854118,cfad39c9-bd3e-11eb-85ab-1c34dae33151,РЦ СБЛ ВЛГ-2 WMS,Хранение от поставщика,5.73504998333333,2025-08-21 14:43:24.364,7248.0,29922.532848,4,14,34,4,-0.4999999999999998,-0.8660254037844388,-0.7818314824680284,0.6234898018587354,0.4647231720437685,0.8854560256532099,0,0,23.422508635803375,5.73504998333333,17.687458652470045
1003910139,a122042b-f9c7-11ea-8599-1c34dae33151,РЦ СБЛ КНД-3,Хранение от поставщика,4.68034676666667,2025-09-17 12:11:10.063,3380.0,5375.946,2,12,38,3,1.2246467991473532e-16,-1.0,0.43388373911755934,-0.9009688679024186,0.3546048870425356,0.9350162426854148,0,0,7.447090843702353,4.68034676666667,2.766744077035683
1003660867,a478fb2c-733c-11ea-bca4-0050560306e1,РЦ СБЛ ТМН,Кросс-док,3.29437008333333,2025-05-27 08:03:41.219,576.0,316.224,1,8,22,2,0.8660254037844387,-0.49999999999999983,0.7818314824680271,0.6234898018587369,0.23931566428755774,0.970941817426052,0,0,2.896440475165993,3.2943700833333294,-0.39792960816733647
1003737150,b816da60-c690-11ea-b7de-0050560306e1,РЦ СБЛ ВЛГ-2 WMS,Хранение от поставщика,9.18319261666667,2025-06-27 06:06:04.944,1872.0,2945.592,2,6,26,5,1.0,6.123233995736766e-17,-0.9749279121818242,-0.22252093395631184,0.5680647467311558,0.8229838658936564,0,0,7.473632067751285,9.18319261666667,-1.709560548915385
1003871244,29966288-1e27-11ed-885a-08c0eb32014b,РЦ СБЛ НН,Хранение от поставщика,0.99361515,2025-08-26 13:01:23.477,504.0,1337.38164,1,13,35,2,-0.2588190451025208,-0.9659258262890683,-1.2246467991473533e-15,1.0,0.23931566428755774,0.970941817426052,0,0,5.0517572649983835,0.9936151499999999,4.058142114998383
1003771092,3cd9aeaa-76f8-11ee-8860-08c0eb32014b,РЦ СБЛ ВЛГ-2 WMS,Кросс-док,6.27643256666667,2025-07-13 05:27:37.031,3600.0,2492.4312,2,5,28,0,0.9659258262890683,0.25881904510252074,-9.797174393178826e-16,1.0,0.0,1.0,0,0,5.954061883836671,6.27643256666667,-0.32237068282999903
1003898698,fe37e020-bf16-11ed-ae77-08c0eb320147,РЦ СБЛ ВЛГ-2 WMS,Хранение от поставщика,2.37072231666667,2025-09-14 11:09:54.856,1440.0,2060.352,2,11,37,0,0.258819045102521,-0.9659258262890682,0.974927912181824,-0.22252093395631314,0.0,1.0,0,0,4.267223643351181,2.3707223166666704,1.8965013266845103
1003729612,a478fb2c-733c-11ea-bca4-0050560306e1,РЦ СБЛ ТМН,Кросс-док,2.4811269,2025-07-01 07:27:24.260,456.0,250.56,1,7,27,2,0.9659258262890683,-0.25881904510252063,-0.7818314824680304,0.6234898018587328,0.23931566428755774,0.970941817426052,0,0,2.794714530884064,2.4811269,0.31358763088406416
1003879141,718f5685-c732-11ed-ae77-08c0eb320147,РЦ СБЛ КСК,Хранение от поставщика,62.3685722166667,2025-09-11 08:13:27.703,5664.0,19441.057824,1,8,37,4,0.8660254037844387,-0.49999999999999983,0.974927912181824,-0.22252093395631314,0.4647231720437685,0.8854560256532099,0,0,18.957486000175034,62.36857221666671,-43.41108621649168
1003735101,32b517cc-3d9f-11ee-ae78-08c0eb320147,РЦ СБЛ НН,Хранение от поставщика,3.92631423333333,2025-06-24 08:44:26.565,3024.0,2122.44354,1,8,26,2,0.8660254037844387,-0.49999999999999983,-0.9749279121818242,-0.22252093395631184,0.23931566428755774,0.970941817426052,0,0,5.354324040509068,3.9263142333333305,1.4280098071757377
1003834306,b816da60-c690-11ea-b7de-0050560306e1,РЦ СБЛ НН,Кросс-док,4.29015706666667,2025-08-16 08:28:59.169,1368.0,2284.308,2,8,33,6,0.8660254037844387,-0.49999999999999983,-0.9749279121818234,-0.22252093395631553,0.6631226582407952,0.7485107481711011,0,0,5.647942054649615,4.29015706666667,1.357784987982945
1003874712,1c8d2a76-0139-11ef-b10b-08c0eb31fffb,РЦ СБЛ КНД-3,Хранение от поставщика,18.0158473666667,2025-09-08 09:10:23.084,2898.0,6653.682504,2,9,37,1,0.7071067811865476,-0.7071067811865475,0.974927912181824,-0.22252093395631314,0.12053668025532305,0.992708874098054,0,0,7.188844213716835,18.015847366666705,-10.827003152949871
1003781087,fe37e020-bf16-11ed-ae77-08c0eb320147,РЦ СБЛ ВЛГ-2 WMS,Хранение от поставщика,1.22426551666667,2025-07-17 05:59:06.351,720.0,1030.176,2,5,29,4,0.9659258262890683,0.25881904510252074,0.7818314824680291,0.6234898018587344,0.4647231720437685,0.8854560256532099,0,0,3.120360719612203,1.22426551666667,1.896095202945533
1003769328,a122042b-f9c7-11ea-8599-1c34dae33151,РЦ СБЛ ВЛГ-2 WMS,Хранение от поставщика,3.7513452,2025-07-11 08:00:36.232,3710.0,6204.657,2,8,28,5,0.8660254037844387,-0.49999999999999983,-9.797174393178826e-16,1.0,0.5680647467311558,0.8229838658936564,0,0,5.697186037035818,3.7513452000000003,1.945840837035818
1003837330,a6ef32dc-76e3-11e9-80c5-0cc47a817925,РЦ СБЛ НСК,Хранение от поставщика,9.88345158333333,2025-08-15 02:37:35.737,240.0,1757.75232,1,2,33,5,0.49999999999999994,0.8660254037844387,-0.9749279121818234,-0.22252093395631553,0.5680647467311558,0.8229838658936564,0,0,3.0820897319695257,9.883451583333331,-6.801361851363805
1003777002,875bbabf-ba1c-11eb-85ab-1c34dae33151,РЦ СБЛ РНД-2,Кросс-док,3.41997718333333,2025-07-17 05:56:21.877,990.0,1805.76,1,5,29,4,0.9659258262890683,0.25881904510252074,0.7818314824680291,0.6234898018587344,0.4647231720437685,0.8854560256532099,0,0,2.3003011192243346,3.4199771833333297,-1.1196760641089951
1003749258,29966288-1e27-11ed-885a-08c0eb32014b,РЦ СБЛ ВЛГ-2 WMS,Хранение от поставщика,2.77438993333333,2025-07-01 12:59:18.370,3528.0,6567.14268,3,12,27,2,1.2246467991473532e-16,-1.0,-0.7818314824680304,0.6234898018587328,0.23931566428755774,0.970941817426052,0,0,8.162580572044847,2.77438993333333,5.388190638711517
1003588626,875bbabf-ba1c-11eb-85ab-1c34dae33151,РЦ СБЛ ТМН,Кросс-док,23.2585488666667,2025-04-04 11:00:36.869,4848.0,12207.993375,3,11,14,5,0.258819045102521,-0.9659258262890682,-4.898587196589413e-16,1.0,0.5680647467311558,0.8229838658936564,0,0,12.002284060140788,23.2585488666667,-11.256264806525913
1003880429,875bbabf-ba1c-11eb-85ab-1c34dae33151,РЦ СБЛ СМР,Хранение от поставщика,9.11277985,2025-09-06 06:58:06.069,2463.0,5488.16025,2,6,36,6,1.0,6.123233995736766e-17,0.781831482468029,0.6234898018587345,0.6631226582407952,0.7485107481711011,0,0,6.182662886068197,9.112779850000003,-2.9301169639318054
1003770442,a478fb2c-733c-11ea-bca4-0050560306e1,РЦ СБЛ КСК,Хранение от поставщика,3.33603235,2025-07-24 07:29:02.130,912.0,485.6616,1,7,30,4,0.9659258262890683,-0.25881904510252063,0.9749279121818246,-0.22252093395630992,0.4647231720437685,0.8854560256532099,0,0,4.280520645815454,3.33603235,0.9444882958154537
1003837530,fe37e020-bf16-11ed-ae77-08c0eb320147,РЦ СБЛ ВЛГ-2 WMS,Хранение от поставщика,2.8511067,2025-08-14 13:29:58.174,720.0,1030.176,1,13,33,4,-0.2588190451025208,-0.9659258262890683,-0.9749279121818234,-0.22252093395631553,0.4647231720437685,0.8854560256532099,0,0,3.3928188361339284,2.8511066999999994,0.541712136133929
1003766759,718f5685-c732-11ed-ae77-08c0eb320147,РЦ СБЛ РНД-2,Хранение от поставщика,10.9435994166667,2025-07-14 05:46:46.284,5376.0,19509.989376,1,5,29,1,0.9659258262890683,0.25881904510252074,0.7818314824680291,0.6234898018587344,0.12053668025532305,0.992708874098054,0,0,20.210081486813383,10.943599416666702,9.266482070146681
1003626611,875bbabf-ba1c-11eb-85ab-1c34dae33151,РЦ СБЛ ВЛГ-2 WMS,Хранение от поставщика,9.49322528333333,2025-05-01 06:25:16.026,6060.0,18415.234905,3,6,18,4,1.0,6.123233995736766e-17,-0.43388373911755757,-0.9009688679024194,0.4647231720437685,0.8854560256532099,0,0,18.733356573565434,9.493225283333329,9.240131290232105
1003887424,141f3c79-76a9-11eb-85a3-1c34dae33151,РЦ СБЛ КНД-3,Хранение от поставщика,1.65170361666667,2025-09-08 07:21:25.319,756.0,408.24,1,7,37,1,0.9659258262890683,-0.25881904510252063,0.974927912181824,-0.22252093395631314,0.12053668025532305,0.992708874098054,0,0,4.182225397051513,1.65170361666667,2.530521780384843
1003800892,67e22ba2-008a-11ee-885e-08c0eb32014b,РЦ СБЛ РНД-2,Хранение от поставщика,7.68306403333333,2025-07-28 13:11:44.071,208.0,1456.0,1,13,31,1,-0.2588190451025208,-0.9659258262890683,0.4338837391175591,-0.9009688679024187,0.12053668025532305,0.992708874098054,0,0,3.4390771764893304,7.68306403333333,-4.243986856844
1003895577,88441339-b3d5-11ef-b973-08c0eb32008b,РЦ СБЛ КНД-3,Хранение от поставщика,16.0891033833333,2025-09-15 11:38:30.798,3504.0,20113.02384,2,11,38,1,0.258819045102521,-0.9659258262890682,0.43388373911755934,-0.9009688679024186,0.12053668025532305,0.992708874098054,0,0,19.563194206151476,16.089103383333295,3.47409082281818
1003842983,c1ae6f0a-ee93-11ea-8599-1c34dae33151,РЦ СБЛ УФА-2,Хранение от поставщика,2.8573614,2025-08-27 03:58:32.541,2025.0,3628.8,1,3,35,3,0.7071067811865475,0.7071067811865476,-1.2246467991473533e-15,1.0,0.3546048870425356,0.9350162426854148,0,0,7.085418449616358,2.8573614,4.228057049616359
1003872504,5710771d-887c-11eb-85a3-1c34dae33151,РЦ СБЛ СМР,Хранение от поставщика,6.45908043333333,2025-09-01 07:13:18.322,2688.0,13741.773,3,7,36,1,0.9659258262890683,-0.25881904510252063,0.781831482468029,0.6234898018587345,0.12053668025532305,0.992708874098054,0,0,11.346953109324891,6.459080433333331,4.88787267599156
1003885565,c1ae6f0a-ee93-11ea-8599-1c34dae33151,РЦ СБЛ СМР,Хранение от поставщика,13.47115385,2025-09-11 12:40:59.918,2634.0,4875.39414,3,12,37,4,1.2246467991473532e-16,-1.0,0.974927912181824,-0.22252093395631314,0.4647231720437685,0.8854560256532099,0,0,8.534938721519717,13.47115385,-4.936215128480283
1003898180,dd0df3c5-e7cb-11ec-ae71-08c0eb320147,РЦ СБЛ РНД-2,Хранение от поставщика,9.56852946666667,2025-09-11 06:30:09.885,10080.0,23578.065,2,6,37,4,1.0,6.123233995736766e-17,0.974927912181824,-0.22252093395631314,0.4647231720437685,0.8854560256532099,0,0,20.81774386458256,9.56852946666667,11.24921439791589
1003601273,718f5685-c732-11ed-ae77-08c0eb320147,РЦ СБЛ ВЛГ-2 WMS,Хранение от поставщика,2.44501375,2025-04-20 08:08:44.026,1140.0,4105.638912,1,8,16,0,0.8660254037844387,-0.49999999999999983,0.9749279121818237,-0.22252093395631387,0.0,1.0,0,0,4.935194564246015,2.44501375,2.490180814246015
1003890716,5c37154a-c40f-11ed-ae77-08c0eb320147,РЦ СБЛ ВРЖ Нечаевка,Кросс-док,19.9794505333333,2025-09-09 13:52:49.878,3108.0,1536.930864,1,13,37,2,-0.2588190451025208,-0.9659258262890683,0.974927912181824,-0.22252093395631314,0.23931566428755774,0.970941817426052,0,0,6.30161802345006,19.979450533333296,-13.677832509883235
1003895093,a122042b-f9c7-11ea-8599-1c34dae33151,РЦ СБЛ ВЛГ-2 WMS,Хранение от поставщика,2.9885951,2025-09-12 08:04:53.217,6760.0,10751.892,2,8,37,5,0.8660254037844387,-0.49999999999999983,0.974927912181824,-0.22252093395631314,0.5680647467311558,0.8229838658936564,0,0,10.783321165802148,2.9885951000000004,7.7947260658021476
1003783063,875bbabf-ba1c-11eb-85ab-1c34dae33151,РЦ СБЛ НН,Кросс-док,2.57628521666667,2025-07-17 12:24:13.613,1422.0,2593.728,1,12,29,4,1.2246467991473532e-16,-1.0,0.7818314824680291,0.6234898018587344,0.4647231720437685,0.8854560256532099,0,0,5.241940423415725,2.57628521666667,2.6656552067490553
1003889419,88441339-b3d5-11ef-b973-08c0eb32008b,РЦ СБЛ КНД-3,Хранение от поставщика,10.3240808333333,2025-09-13 07:36:33.210,2328.0,10724.00448,3,7,37,6,0.9659258262890683,-0.25881904510252063,0.974927912181824,-0.22252093395631314,0.6631226582407952,0.7485107481711011,0,0,9.456591953410088,10.3240808333333,-0.8674888799232114
1003647106,333d86cd-fb04-11ee-ae7a-08c0eb320147,РЦ СБЛ ВЛГ-2 WMS,Хранение от поставщика,3.03585495,2025-05-18 06:03:15.516,1600.0,912.96,1,6,20,0,1.0,6.123233995736766e-17,-0.7818314824680302,0.6234898018587329,0.0,1.0,0,0,4.62278360083827,3.0358549499999996,1.5869286508382703
1003873815,a6ef32dc-76e3-11e9-80c5-0cc47a817925,РЦ СБЛ НСК,Хранение от поставщика,10.4301782666667,2025-09-02 09:14:33.083,11580.0,33817.154304,5,9,36,2,0.7071067811865476,-0.7071067811865475,0.781831482468029,0.6234898018587345,0.23931566428755774,0.970941817426052,0,0,28.04506964883637,10.4301782666667,17.614891382169674
1003777866,5c37154a-c40f-11ed-ae77-08c0eb320147,РЦ СБЛ ВЛГ-2 WMS,Хранение от поставщика,3.46589428333333,2025-07-18 09:29:31.635,744.0,1305.35712,1,9,29,5,0.7071067811865476,-0.7071067811865475,0.7818314824680291,0.6234898018587344,0.5680647467311558,0.8229838658936564,0,0,3.4618123401451717,3.46589428333333,-0.004081943188158466
1003910399,b7ea7c37-ed81-11ec-b96b-08c0eb32008b,РЦ СБЛ ВРЖ Нечаевка,Хранение от поставщика,4.47733008333333,2025-09-17 14:05:21.286,1512.0,3919.104,1,14,38,3,-0.4999999999999998,-0.8660254037844388,0.43388373911755934,-0.9009688679024186,0.3546048870425356,0.9350162426854148,0,0,7.878428970960462,4.477330083333329,3.401098887627133
1003845903,a6ef32dc-76e3-11e9-80c5-0cc47a817925,РЦ СБЛ РНД-2,Хранение от поставщика,9.4652749,2025-08-20 14:10:06.447,4236.0,30366.238848,3,14,34,3,-0.4999999999999998,-0.8660254037844388,-0.7818314824680284,0.6234898018587354,0.3546048870425356,0.9350162426854148,0,0,30.002292390806016,9.465274899999999,20.537017490806015
1003885041,29966288-1e27-11ed-885a-08c0eb32014b,РЦ СБЛ СМР,Хранение от поставщика,6.64764713333333,2025-09-07 05:05:16.217,5772.0,11164.00152,4,5,36,0,0.9659258262890683,0.25881904510252074,0.781831482468029,0.6234898018587345,0.0,1.0,0,0,9.572733102535675,6.64764713333333,2.925085969202345
1003675180,a478fb2c-733c-11ea-bca4-0050560306e1,РЦ СБЛ ТМН,Кросс-док,3.13679255,2025-06-03 07:42:46.372,432.0,235.872,1,7,23,2,0.9659258262890683,-0.25881904510252063,0.9749279121818238,-0.22252093395631362,0.23931566428755774,0.970941817426052,0,0,2.7334411348141296,3.13679255,-0.40335141518587037
1003782531,c1ae6f0a-ee93-11ea-8599-1c34dae33151,РЦ СБЛ НН,Хранение от поставщика,3.86057336666667,2025-07-12 09:54:14.676,2805.0,4747.6125,2,9,28,6,0.7071067811865476,-0.7071067811865475,-9.797174393178826e-16,1.0,0.6631226582407952,0.7485107481711011,0,0,5.642300886165982,3.8605733666666695,1.7817275194993125
1003739470,8d590545-fff9-11eb-a0ee-ec0d9a21b021,РЦ СБЛ ВЛГ-2 WMS,Хранение от поставщика,10.3798444666667,2025-06-25 08:00:30.919,3240.0,24786.0,1,8,26,3,0.8660254037844387,-0.49999999999999983,-0.9749279121818242,-0.22252093395631184,0.3546048870425356,0.9350162426854148,0,0,19.32210766077943,10.379844466666702,8.942263194112728
1003843143,8d590545-fff9-11eb-a0ee-ec0d9a21b021,РЦ СБЛ РНД-2,Хранение от поставщика,42.2721222666667,2025-08-14 09:46:02.443,7164.0,30068.982,4,9,33,4,0.7071067811865476,-0.7071067811865475,-0.9749279121818234,-0.22252093395631553,0.4647231720437685,0.8854560256532099,0,0,37.52132009452342,42.2721222666667,-4.750802172143281
1003729613,ded9af41-bbef-11ec-8857-08c0eb32014b,РЦ СБЛ ТМН,Хранение от поставщика,34.1672142333333,2025-06-24 05:41:59.183,3036.0,1125.0648,1,5,26,2,0.9659258262890683,0.25881904510252074,-0.9749279121818242,-0.22252093395631184,0.23931566428755774,0.970941817426052,0,0,10.680731474625556,34.1672142333333,-23.48648275870774
1003839719,3cd9aeaa-76f8-11ee-8860-08c0eb32014b,РЦ СБЛ ВЛГ-2 WMS,Хранение от поставщика,1.89770035,2025-08-17 12:52:41.640,1524.0,1094.613,1,12,33,0,1.2246467991473532e-16,-1.0,-0.9749279121818234,-0.22252093395631553,0.0,1.0,0,0,4.715076852389246,1.8977003500000003,2.817376502389246
1003677537,141f3c79-76a9-11eb-85a3-1c34dae33151,РЦ СБЛ ВЛГ-2 WMS,Хранение от поставщика,2.7710288,2025-05-31 07:15:02.892,1296.0,699.84,1,7,22,6,0.9659258262890683,-0.25881904510252063,0.7818314824680271,0.6234898018587369,0.6631226582407952,0.7485107481711011,0,0,3.3484276886666686,2.7710288,0.5773988886666688
1003883641,a122042b-f9c7-11ea-8599-1c34dae33151,РЦ СБЛ ВРЖ Нечаевка,Кросс-док,1.9708328,2025-09-08 06:11:31.918,2090.0,3063.153,2,6,37,1,1.0,6.123233995736766e-17,0.974927912181824,-0.22252093395631314,0.12053668025532305,0.992708874098054,0,0,6.238690069451585,1.9708328,4.267857269451585
1003770678,a478fb2c-733c-11ea-bca4-0050560306e1,РЦ СБЛ НН,Хранение от поставщика,6.7519627,2025-07-15 11:09:24.574,816.0,348.6096,1,11,29,2,0.258819045102521,-0.9659258262890682,0.7818314824680291,0.6234898018587344,0.23931566428755774,0.970941817426052,0,0,4.562471770545221,6.7519627,-2.189490929454779
1003893720,333d86cd-fb04-11ee-ae7a-08c0eb320147,РЦ СБЛ УФА-2,Хранение от поставщика,1.36111993333333,2025-09-16 10:37:47.596,1820.0,950.04,1,10,38,2,0.49999999999999994,-0.8660254037844387,0.43388373911755934,-0.9009688679024186,0.23931566428755774,0.970941817426052,0,0,6.847945488784286,1.3611199333333297,5.486825555450956
1003669118,b816da60-c690-11ea-b7de-0050560306e1,РЦ СБЛ ВЛГ-2 WMS,Хранение от поставщика,1.3801419,2025-05-23 08:20:51.460,216.0,405.756,1,8,21,5,0.8660254037844387,-0.49999999999999983,-7.347880794884119e-16,1.0,0.5680647467311558,0.8229838658936564,0,0,2.100979497039517,1.3801419,0.7208375970395169
1003706694,29966288-1e27-11ed-885a-08c0eb32014b,РЦ СБЛ ТМН,Хранение от поставщика,6.45461976666667,2025-06-11 08:28:34.674,1512.0,3313.51272,3,8,24,3,0.8660254037844387,-0.49999999999999983,0.4338837391175589,-0.9009688679024188,0.3546048870425356,0.9350162426854148,0,0,6.113030702748743,6.454619766666669,-0.341589063917926
1003851361,a6ef32dc-76e3-11e9-80c5-0cc47a817925,РЦ СБЛ СМР,Хранение от поставщика,39.7145223833333,2025-08-25 07:48:48.594,3858.0,32617.3216512,6,7,35,1,0.9659258262890683,-0.25881904510252063,-1.2246467991473533e-15,1.0,0.12053668025532305,0.992708874098054,0,0,37.963779796757564,39.71452238333331,-1.7507425865757469
1003719093,875bbabf-ba1c-11eb-85ab-1c34dae33151,РЦ СБЛ ВЛГ-2 WMS,Хранение от поставщика,15.6980393333333,2025-06-19 05:46:03.126,11037.0,28963.3065,3,5,25,4,0.9659258262890683,0.25881904510252074,-0.43388373911755734,-0.9009688679024195,0.4647231720437685,0.8854560256532099,0,0,22.816156857614985,15.698039333333304,7.118117524281681
1003801259,c1ae6f0a-ee93-11ea-8599-1c34dae33151,РЦ СБЛ РНД-2,Хранение от поставщика,2.59574385,2025-07-28 05:19:26.462,5610.0,9495.225,2,5,31,1,0.9659258262890683,0.25881904510252074,0.4338837391175591,-0.9009688679024187,0.12053668025532305,0.992708874098054,0,0,7.172577867198135,2.59574385,4.576834017198135
1003887053,5c37154a-c40f-11ed-ae77-08c0eb320147,РЦ СБЛ КСК,Кросс-док,14.1458847166667,2025-09-15 10:33:02.853,1752.0,2851.72686312,2,10,38,1,0.49999999999999994,-0.8660254037844387,0.43388373911755934,-0.9009688679024186,0.12053668025532305,0.992708874098054,0,0,6.2050597680047295,14.1458847166667,-7.94082494866197
1003875285,e9912507-fb18-11ee-b973-08c0eb32008b,РЦ СБЛ КНД-3,Хранение от поставщика,1.22753723333333,2025-09-13 06:39:39.369,1400.0,609.84,1,6,37,6,1.0,6.123233995736766e-17,0.974927912181824,-0.22252093395631314,0.6631226582407952,0.7485107481711011,0,0,3.4742012512380156,1.22753723333333,2.2466640179046857
1003872493,31f2481e-b0d3-11ec-ae6d-08c0eb320147,РЦ СБЛ РНД-2,Хранение от поставщика,2.58352855,2025-08-29 09:00:58.109,1320.0,1349.634,1,9,35,5,0.7071067811865476,-0.7071067811865475,-1.2246467991473533e-15,1.0,0.5680647467311558,0.8229838658936564,0,0,3.363301339473566,2.58352855,0.779772789473566
1003767335,b816da60-c690-11ea-b7de-0050560306e1,РЦ СБЛ НН,Хранение от поставщика,1.13121383333333,2025-07-12 14:00:49.259,216.0,405.756,1,14,28,6,-0.4999999999999998,-0.8660254037844388,-9.797174393178826e-16,1.0,0.6631226582407952,0.7485107481711011,0,0,3.3090932035268485,1.13121383333333,2.1778793701935184
1003736108,875bbabf-ba1c-11eb-85ab-1c34dae33151,РЦ СБЛ РНД-2,Хранение от поставщика,2.17685221666667,2025-06-26 08:27:31.529,1320.0,3308.22264,3,8,26,4,0.8660254037844387,-0.49999999999999983,-0.9749279121818242,-0.22252093395631184,0.4647231720437685,0.8854560256532099,0,0,6.0497444702583145,2.1768522166666706,3.872892253591644
1003887375,5710771d-887c-11eb-85a3-1c34dae33151,РЦ СБЛ СМР,Хранение от поставщика,6.9991846,2025-09-09 04:22:42.964,4296.0,11492.796,4,4,37,2,0.8660254037844386,0.5000000000000001,0.974927912181824,-0.22252093395631314,0.23931566428755774,0.970941817426052,0,0,10.14029034870193,6.9991846,3.1411057487019294
1003614951,a6ef32dc-76e3-11e9-80c5-0cc47a817925,РЦ СБЛ ВЛГ-2 WMS,Кросс-док,9.62291075,2025-04-25 11:47:59.061,2562.0,6497.64192,1,11,17,5,0.258819045102521,-0.9659258262890682,0.43388373911755707,-0.9009688679024196,0.5680647467311558,0.8229838658936564,0,0,4.0650104138352114,9.622910750000003,-5.557900336164791
1003841483,4d0c5473-7955-11e9-80c5-0cc47a817925,РЦ СБЛ ВЛГ-2 WMS,Хранение от поставщика,3.90205558333333,2025-08-18 08:40:23.914,1024.0,3511.5584,2,8,34,1,0.8660254037844387,-0.49999999999999983,-0.7818314824680284,0.6234898018587354,0.12053668025532305,0.992708874098054,0,0,4.8249433274800815,3.90205558333333,0.9228877441467516
1003639460,875bbabf-ba1c-11eb-85ab-1c34dae33151,РЦ СБЛ ВЛГ-2 WMS,Хранение от поставщика,4.8644773,2025-05-08 05:33:07.793,3336.0,8600.17764,3,5,19,4,0.9659258262890683,0.25881904510252074,-0.9749279121818235,-0.22252093395631506,0.4647231720437685,0.8854560256532099,0,0,7.95074361463187,4.864477300000001,3.086266314631869
1003910437,dd0df3c5-e7cb-11ec-ae71-08c0eb320147,РЦ СБЛ ВЛГ-2 WMS,Хранение от поставщика,3.9947836,2025-09-16 12:55:20.406,3792.0,19460.61,3,12,38,2,1.2246467991473532e-16,-1.0,0.43388373911755934,-0.9009688679024186,0.23931566428755774,0.970941817426052,0,0,16.481913709112195,3.9947836000000003,12.487130109112195
1003856270,141f3c79-76a9-11eb-85a3-1c34dae33151,РЦ СБЛ РНД-2,Хранение от поставщика,3.73828501666667,2025-09-04 07:11:01.693,6048.0,3265.92,1,7,36,4,0.9659258262890683,-0.25881904510252063,0.781831482468029,0.6234898018587345,0.4647231720437685,0.8854560256532099,0,0,8.511527165544223,3.73828501666667,4.773242148877553
1003835871,4d0c5473-7955-11e9-80c5-0cc47a817925,РЦ СБЛ НН,Хранение от поставщика,17.02788715,2025-08-14 07:22:47.594,5784.0,25205.1456,2,7,33,4,0.9659258262890683,-0.25881904510252063,-0.9749279121818234,-0.22252093395631553,0.4647231720437685,0.8854560256532099,0,0,23.285612126194057,17.027887149999998,6.2577249761940585
1003647622,a478fb2c-733c-11ea-bca4-0050560306e1,РЦ СБЛ КСК,Хранение от поставщика,3.48239711666667,2025-05-22 04:14:21.988,1572.0,544.2744,1,4,21,4,0.8660254037844386,0.5000000000000001,-7.347880794884119e-16,1.0,0.4647231720437685,0.8854560256532099,0,0,4.003095486555756,3.4823971166666703,0.5206983698890855
1003890715,5c37154a-c40f-11ed-ae77-08c0eb320147,РЦ СБЛ ВРЖ Нечаевка,Хранение от поставщика,6.25084376666667,2025-09-09 14:01:51.769,1860.0,3212.3047344,2,14,37,2,-0.4999999999999998,-0.8660254037844388,0.974927912181824,-0.22252093395631314,0.23931566428755774,0.970941817426052,0,0,6.71295652598317,6.250843766666669,0.46211275931650064
1003851540,141f3c79-76a9-11eb-85a3-1c34dae33151,РЦ СБЛ СМР,Хранение от поставщика,8.8638805,2025-08-27 10:02:16.703,9072.0,4898.88,1,10,35,3,0.49999999999999994,-0.8660254037844387,-1.2246467991473533e-15,1.0,0.3546048870425356,0.9350162426854148,0,0,9.599718404741681,8.863880499999999,0.7358379047416825
1003837195,a6ef32dc-76e3-11e9-80c5-0cc47a817925,РЦ СБЛ УФА-2,Хранение от поставщика,0.596643183333333,2025-08-18 06:40:32.800,504.0,1280.176128,1,6,34,1,1.0,6.123233995736766e-17,-0.7818314824680284,0.6234898018587354,0.12053668025532305,0.992708874098054,0,0,3.337691307024361,0.596643183333333,2.7410481236910282
1003843152,a6ef32dc-76e3-11e9-80c5-0cc47a817925,РЦ СБЛ СМР,Хранение от поставщика,57.26083725,2025-08-21 04:23:57.235,3588.0,31159.30992,1,4,34,4,0.8660254037844386,0.5000000000000001,-0.7818314824680284,0.6234898018587354,0.4647231720437685,0.8854560256532099,0,0,26.03853978597844,57.26083724999999,-31.222297464021548
1003866046,3cd9aeaa-76f8-11ee-8860-08c0eb32014b,РЦ СБЛ НСК,Хранение от поставщика,4.28932798333333,2025-09-07 03:55:01.995,7260.0,5214.495,2,3,36,0,0.7071067811865475,0.7071067811865476,0.781831482468029,0.6234898018587345,0.0,1.0,0,0,9.331369045475956,4.28932798333333,5.0420410621426255
1003757791,a478fb2c-733c-11ea-bca4-0050560306e1,РЦ СБЛ КСК,Хранение от поставщика,4.53411505,2025-07-17 06:22:23.643,1860.0,831.5904,1,6,29,4,1.0,6.123233995736766e-17,0.7818314824680291,0.6234898018587344,0.4647231720437685,0.8854560256532099,0,0,4.9755682844002855,4.53411505,0.44145323440028594
1003698828,a478fb2c-733c-11ea-bca4-0050560306e1,РЦ СБЛ КСК,Хранение от поставщика,0.97110105,2025-06-26 10:03:01.768,1296.0,437.4,1,10,26,4,0.49999999999999994,-0.8660254037844387,-0.9749279121818242,-0.22252093395631184,0.4647231720437685,0.8854560256532099,0,0,6.190196854394914,0.9711010499999999,5.2190958043949145
1003884915,5710771d-887c-11eb-85a3-1c34dae33151,РЦ СБЛ ВРЖ Нечаевка,Кросс-док,11.5762597,2025-09-09 10:08:17.476,2448.0,11867.823,3,10,37,2,0.49999999999999994,-0.8660254037844387,0.974927912181824,-0.22252093395631314,0.23931566428755774,0.970941817426052,0,0,9.378708143667494,11.576259700000001,-2.197551556332508
1003853931,a478fb2c-733c-11ea-bca4-0050560306e1,РЦ СБЛ СМР,Хранение от поставщика,6.3192837,2025-08-25 13:29:16.232,3612.0,1687.1064,1,13,35,1,-0.2588190451025208,-0.9659258262890683,-1.2246467991473533e-15,1.0,0.12053668025532305,0.992708874098054,0,0,14.110099355356235,6.3192837,7.790815655356235
1003878787,4d0c5473-7955-11e9-80c5-0cc47a817925,РЦ СБЛ НН,Хранение от поставщика,60.0557303166667,2025-09-04 06:28:45.915,5798.0,29981.68,3,6,36,4,1.0,6.123233995736766e-17,0.781831482468029,0.6234898018587345,0.4647231720437685,0.8854560256532099,0,0,17.58195462329255,60.055730316666676,-42.47377569337412
1003887322,a6ef32dc-76e3-11e9-80c5-0cc47a817925,РЦ СБЛ НСК,Хранение от поставщика,18.9364915333333,2025-09-08 07:11:20.746,2268.0,32460.6744,2,7,37,1,0.9659258262890683,-0.25881904510252063,0.974927912181824,-0.22252093395631314,0.12053668025532305,0.992708874098054,0,0,20.389650170838753,18.936491533333303,1.4531586375054495
1003798019,ded9af41-bbef-11ec-8857-08c0eb32014b,РЦ СБЛ ТМН,Хранение от поставщика,5.69397136666667,2025-07-29 06:01:03.017,636.0,271.176,1,6,31,2,1.0,6.123233995736766e-17,0.4338837391175591,-0.9009688679024187,0.23931566428755774,0.970941817426052,0,0,3.493704290653384,5.693971366666669,-2.2002670760132848
1003798613,a478fb2c-733c-11ea-bca4-0050560306e1,РЦ СБЛ ТМН,Кросс-док,11.67976945,2025-08-05 08:37:51.337,264.0,144.288,1,8,32,2,0.8660254037844387,-0.49999999999999983,-0.4338837391175571,-0.9009688679024196,0.23931566428755774,0.970941817426052,0,0,2.4279278372097055,11.67976945,-9.251841612790294
1003878880,0bd913d9-4b82-11ec-85ad-1c34dae33151,РЦ СБЛ НСК,Хранение от поставщика,11.3687727166667,2025-09-04 02:30:05.823,3534.0,8519.633442156,7,2,36,4,0.49999999999999994,0.8660254037844387,0.781831482468029,0.6234898018587345,0.4647231720437685,0.8854560256532099,0,0,19.16207094835166,11.3687727166667,7.793298231684959
1003894112,29966288-1e27-11ed-885a-08c0eb32014b,РЦ СБЛ РНД-2,Хранение от поставщика,1.39570613333333,2025-09-10 10:08:03.068,1008.0,1976.13108,3,10,37,3,0.49999999999999994,-0.8660254037844387,0.974927912181824,-0.22252093395631314,0.3546048870425356,0.9350162426854148,0,0,4.82202820348006,1.39570613333333,3.42632207014673
1003821745,b816da60-c690-11ea-b7de-0050560306e1,РЦ СБЛ НН,Кросс-док,3.32137821666667,2025-08-09 06:07:04.208,792.0,1345.032,2,6,32,6,1.0,6.123233995736766e-17,-0.4338837391175571,-0.9009688679024196,0.6631226582407952,0.7485107481711011,0,0,3.707066876855264,3.32137821666667,0.38568866018859405
1003821987,4d0c5473-7955-11e9-80c5-0cc47a817925,РЦ СБЛ НН,Хранение от поставщика,8.95405631666667,2025-08-07 10:51:13.702,5184.0,27551.424,2,10,32,4,0.49999999999999994,-0.8660254037844387,-0.4338837391175571,-0.9009688679024196,0.4647231720437685,0.8854560256532099,0,0,22.677105089570112,8.95405631666667,13.723048772903443
1003787379,c1ae6f0a-ee93-11ea-8599-1c34dae33151,РЦ СБЛ УФА-2,Хранение от поставщика,4.3808982,2025-07-24 12:19:29.920,2634.0,4875.39414,3,12,30,4,1.2246467991473532e-16,-1.0,0.9749279121818246,-0.22252093395630992,0.4647231720437685,0.8854560256532099,0,0,8.581795843492849,4.3808982,4.200897643492849
1003848256,a6ef32dc-76e3-11e9-80c5-0cc47a817925,РЦ СБЛ СМР,Хранение от поставщика,49.2261513333333,2025-08-24 07:46:04.022,6912.0,31389.078528,3,7,34,0,0.9659258262890683,-0.25881904510252063,-0.7818314824680284,0.6234898018587354,0.0,1.0,0,0,28.387194845431544,49.22615133333329,-20.838956487901747
1003896737,ded9af41-bbef-11ec-8857-08c0eb32014b,РЦ СБЛ ТМН,Хранение от поставщика,18.4968920666667,2025-09-16 05:34:56.941,1248.0,542.2968,1,5,38,2,0.9659258262890683,0.25881904510252074,0.43388373911755934,-0.9009688679024186,0.23931566428755774,0.970941817426052,0,0,5.541312086456304,18.496892066666696,-12.955579980210391
1003751857,29966288-1e27-11ed-885a-08c0eb32014b,РЦ СБЛ ТМН,Хранение от поставщика,5.92367701666667,2025-07-04 05:31:12.238,2976.0,5168.713368,2,5,27,5,0.9659258262890683,0.25881904510252074,-0.7818314824680304,0.6234898018587328,0.5680647467311558,0.8229838658936564,0,0,6.861173591271857,5.92367701666667,0.9374965746051869
1003677954,29966288-1e27-11ed-885a-08c0eb32014b,РЦ СБЛ ТМН,Кросс-док,8.36660201666667,2025-05-28 05:05:30.845,5040.0,7784.7588,3,5,22,3,0.9659258262890683,0.25881904510252074,0.7818314824680271,0.6234898018587369,0.3546048870425356,0.9350162426854148,0,0,6.629735302077986,8.366602016666668,-1.7368667145886825
1003716891,a478fb2c-733c-11ea-bca4-0050560306e1,РЦ СБЛ НН,Хранение от поставщика,10.1984532,2025-06-17 10:55:39.833,1128.0,430.8432,1,10,25,2,0.49999999999999994,-0.8660254037844387,-0.43388373911755734,-0.9009688679024195,0.23931566428755774,0.970941817426052,0,0,5.74639185716941,10.198453199999998,-4.4520613428305875
1003740112,b816da60-c690-11ea-b7de-0050560306e1,РЦ СБЛ НН,Хранение от поставщика,20.5600974666667,2025-06-28 11:51:29.384,3672.0,6041.412,2,11,26,6,0.258819045102521,-0.9659258262890682,-0.9749279121818242,-0.22252093395631184,0.6631226582407952,0.7485107481711011,0,0,9.164779561034916,20.560097466666704,-11.395317905631789
1003874155,875bbabf-ba1c-11eb-85ab-1c34dae33151,РЦ СБЛ РНД-2,Хранение от поставщика,5.77396035,2025-09-04 07:07:21.436,2136.0,4460.231625,2,7,36,4,0.9659258262890683,-0.25881904510252063,0.781831482468029,0.6234898018587345,0.4647231720437685,0.8854560256532099,0,0,6.900947179157077,5.773960350000001,1.126986829157076
1003840345,ded9af41-bbef-11ec-8857-08c0eb32014b,РЦ СБЛ ТМН,Хранение от поставщика,16.5351298,2025-08-19 07:54:20.439,1116.0,447.6456,1,7,34,2,0.9659258262890683,-0.25881904510252063,-0.7818314824680284,0.6234898018587354,0.23931566428755774,0.970941817426052,0,0,5.980533240438904,16.535129800000004,-10.5545965595611
1003605601,3cd9aeaa-76f8-11ee-8860-08c0eb32014b,РЦ СБЛ ВЛГ-2 WMS,Кросс-док,4.50631515,2025-04-20 08:04:27.563,2196.0,1577.277,1,8,16,0,0.8660254037844387,-0.49999999999999983,0.9749279121818237,-0.22252093395631387,0.0,1.0,0,0,3.3401712893513853,4.506315150000001,-1.1661438606486154
1003834189,875bbabf-ba1c-11eb-85ab-1c34dae33151,РЦ СБЛ ВЛГ-2 WMS,Хранение от поставщика,8.66015486666667,2025-08-15 13:46:54.544,1365.0,2438.067,2,13,33,5,-0.2588190451025208,-0.9659258262890683,-0.9749279121818234,-0.22252093395631553,0.5680647467311558,0.8229838658936564,0,0,5.976680047756471,8.660154866666671,-2.6834748189102005
1003834379,875bbabf-ba1c-11eb-85ab-1c34dae33151,РЦ СБЛ РНД-2,Кросс-док,1.17041258333333,2025-08-21 06:06:04.066,972.0,1772.928,1,6,34,4,1.0,6.123233995736766e-17,-0.7818314824680284,0.6234898018587354,0.4647231720437685,0.8854560256532099,0,0,2.559970996512999,1.17041258333333,1.389558413179669
1003637872,b816da60-c690-11ea-b7de-0050560306e1,РЦ СБЛ ВЛГ-2 WMS,Хранение от поставщика,4.08957756666667,2025-05-09 07:48:53.695,1440.0,2134.08,2,7,19,5,0.9659258262890683,-0.25881904510252063,-0.9749279121818235,-0.22252093395631506,0.5680647467311558,0.8229838658936564,0,0,5.855850825216179,4.089577566666669,1.7662732585495098
1003756649,ded9af41-bbef-11ec-8857-08c0eb32014b,РЦ СБЛ ТМН,Хранение от поставщика,17.1965157,2025-07-08 07:35:29.066,1428.0,538.776,1,7,28,2,0.9659258262890683,-0.25881904510252063,-9.797174393178826e-16,1.0,0.23931566428755774,0.970941817426052,0,0,5.2429373755552815,17.196515699999996,-11.953578324444713
1003715463,29966288-1e27-11ed-885a-08c0eb32014b,РЦ СБЛ ТМН,Хранение от поставщика,14.23244335,2025-06-09 10:28:02.273,504.0,1337.38164,1,10,24,1,0.49999999999999994,-0.8660254037844387,0.4338837391175589,-0.9009688679024188,0.12053668025532305,0.992708874098054,0,0,4.2592661346202405,14.232443349999997,-9.973177215379756
1003895100,a122042b-f9c7-11ea-8599-1c34dae33151,РЦ СБЛ КНД-3,Хранение от поставщика,7.00872603333333,2025-09-12 11:56:07.331,4720.0,7173.474,2,11,37,5,0.258819045102521,-0.9659258262890682,0.974927912181824,-0.22252093395631314,0.5680647467311558,0.8229838658936564,0,0,10.904849586410558,7.008726033333332,3.896123553077226
1003833520,5c37154a-c40f-11ed-ae77-08c0eb320147,РЦ СБЛ УФА-2,Хранение от поставщика,1.54947306666667,2025-08-15 04:41:14.189,456.0,794.69208,1,4,33,5,0.8660254037844386,0.5000000000000001,-0.9749279121818234,-0.22252093395631553,0.5680647467311558,0.8229838658936564,0,0,2.4346106984623415,1.54947306666667,0.8851376317956714
1003842970,c1ae6f0a-ee93-11ea-8599-1c34dae33151,РЦ СБЛ СМР,Хранение от поставщика,2.61790885,2025-08-19 10:28:06.755,4002.0,6118.05114,4,10,34,2,0.49999999999999994,-0.8660254037844387,-0.7818314824680284,0.6234898018587354,0.23931566428755774,0.970941817426052,0,0,10.434310108805207,2.6179088499999996,7.816401258805207
1003875261,e9912507-fb18-11ee-b973-08c0eb32008b,РЦ СБЛ ВЛГ-2 WMS,Хранение от поставщика,2.14180775,2025-09-14 07:11:56.251,1400.0,609.84,1,7,37,0,0.9659258262890683,-0.25881904510252063,0.974927912181824,-0.22252093395631314,0.0,1.0,0,0,2.7686823233860216,2.1418077500000003,0.6268745733860213
1003726157,29966288-1e27-11ed-885a-08c0eb32014b,РЦ СБЛ НН,Хранение от поставщика,7.9206517,2025-06-21 14:13:51.667,7140.0,11124.039192,5,14,25,6,-0.4999999999999998,-0.8660254037844388,-0.43388373911755734,-0.9009688679024195,0.6631226582407952,0.7485107481711011,0,0,20.88905367353437,7.920651700000001,12.96840197353437
1003738195,29966288-1e27-11ed-885a-08c0eb32014b,РЦ СБЛ ТМН,Хранение от поставщика,3.67367483333333,2025-06-27 06:34:20.013,2520.0,3193.7472,1,6,26,5,1.0,6.123233995736766e-17,-0.9749279121818242,-0.22252093395631184,0.5680647467311558,0.8229838658936564,0,0,7.7872264508259095,3.6736748333333296,4.11355161749258
1003808859,0bd913d9-4b82-11ec-85ad-1c34dae33151,РЦ СБЛ КСК,Кросс-док,30.0752355,2025-07-30 02:47:05.186,2448.0,5172.702259692,7,2,31,3,0.49999999999999994,0.8660254037844387,0.4338837391175591,-0.9009688679024187,0.3546048870425356,0.9350162426854148,0,0,14.548922585570995,30.075235499999998,-15.526312914429003
1003866001,3cd9aeaa-76f8-11ee-8860-08c0eb32014b,РЦ СБЛ ВЛГ-2 WMS,Хранение от поставщика,6.11312123333333,2025-08-31 06:33:32.626,4792.0,3441.854,2,6,35,0,1.0,6.123233995736766e-17,-1.2246467991473533e-15,1.0,0.0,1.0,0,0,7.053149257401279,6.113121233333331,0.9400280240679484
1003845315,c766844d-edec-11ef-aa3a-be3af2b6059f,РЦ СБЛ КСК,Кросс-док,1.98837758333333,2025-08-29 05:57:09.817,1296.0,699.84,1,5,35,5,0.9659258262890683,0.25881904510252074,-1.2246467991473533e-15,1.0,0.5680647467311558,0.8229838658936564,0,0,3.648714010568153,1.98837758333333,1.660336427234823
1003811901,dd0df3c5-e7cb-11ec-ae71-08c0eb320147,РЦ СБЛ ВЛГ-2 WMS,Хранение от поставщика,30.7656553,2025-07-30 13:43:37.574,5952.0,23244.255,3,13,31,3,-0.2588190451025208,-0.9659258262890683,0.4338837391175591,-0.9009688679024187,0.3546048870425356,0.9350162426854148,0,0,17.099592921548943,30.765655299999995,-13.666062378451052
1003837082,5c37154a-c40f-11ed-ae77-08c0eb320147,РЦ СБЛ УФА-2,Хранение от поставщика,0.70823455,2025-08-15 04:39:58.877,408.0,721.7058552,1,4,33,5,0.8660254037844386,0.5000000000000001,-0.9749279121818234,-0.22252093395631553,0.5680647467311558,0.8229838658936564,0,0,2.468432889792857,0.7082345499999999,1.7601983397928573
1003759441,141f3c79-76a9-11eb-85a3-1c34dae33151,РЦ СБЛ ВЛГ-2 WMS,Хранение от поставщика,2.4288223,2025-07-12 07:26:48.644,2160.0,1166.4,1,7,28,6,0.9659258262890683,-0.25881904510252063,-9.797174393178826e-16,1.0,0.6631226582407952,0.7485107481711011,0,0,4.690054572959801,2.4288223,2.261232272959801
1003763515,875bbabf-ba1c-11eb-85ab-1c34dae33151,РЦ СБЛ ВЛГ-2 WMS,Хранение от поставщика,9.49853588333333,2025-07-10 08:46:11.223,2988.0,7046.809875,1,8,28,4,0.8660254037844387,-0.49999999999999983,-9.797174393178826e-16,1.0,0.4647231720437685,0.8854560256532099,0,0,4.626393085635123,9.498535883333332,-4.872142797698209
1003717173,ded9af41-bbef-11ec-8857-08c0eb32014b,РЦ СБЛ ТМН,Хранение от поставщика,17.0304052166667,2025-06-17 10:14:54.596,852.0,374.9952,1,10,25,2,0.49999999999999994,-0.8660254037844387,-0.43388373911755734,-0.9009688679024195,0.23931566428755774,0.970941817426052,0,0,5.500680535781939,17.030405216666704,-11.529724680884765
1003790929,875bbabf-ba1c-11eb-85ab-1c34dae33151,РЦ СБЛ ВЛГ-2 WMS,Хранение от поставщика,11.5759584666667,2025-07-24 09:52:46.388,5565.0,13494.97236,3,9,30,4,0.7071067811865476,-0.7071067811865475,0.9749279121818246,-0.22252093395630992,0.4647231720437685,0.8854560256532099,0,0,10.391836688375538,11.575958466666698,-1.1841217782911606
1003849670,0bd913d9-4b82-11ec-85ad-1c34dae33151,РЦ СБЛ КСК,Хранение от поставщика,14.6936993666667,2025-08-20 08:22:02.117,1476.0,3297.76748868,5,8,34,3,0.8660254037844387,-0.49999999999999983,-0.7818314824680284,0.6234898018587354,0.3546048870425356,0.9350162426854148,0,0,11.987787266800325,14.693699366666701,-2.705912099866376
1003632892,a122042b-f9c7-11ea-8599-1c34dae33151,РЦ СБЛ ВЛГ-2 WMS,Хранение от поставщика,6.2349169,2025-05-01 05:30:32.646,3070.0,5063.694,2,5,18,4,0.9659258262890683,0.25881904510252074,-0.43388373911755757,-0.9009688679024194,0.4647231720437685,0.8854560256532099,0,0,5.109829871239622,6.234916899999999,-1.125087028760377
1003808868,4d0c5473-7955-11e9-80c5-0cc47a817925,РЦ СБЛ НН,Хранение от поставщика,11.8527287666667,2025-07-31 12:27:01.726,4240.0,26316.2624,2,12,31,4,1.2246467991473532e-16,-1.0,0.4338837391175591,-0.9009688679024187,0.4647231720437685,0.8854560256532099,0,0,20.391660297672217,11.852728766666702,8.538931531005515
1003780153,718f5685-c732-11ed-ae77-08c0eb320147,РЦ СБЛ РНД-2,Хранение от поставщика,0.445691283333333,2025-07-18 13:17:48.591,384.0,1368.815616,1,13,29,5,-0.2588190451025208,-0.9659258262890683,0.7818314824680291,0.6234898018587344,0.5680647467311558,0.8229838658936564,0,0,2.5435314399810145,0.445691283333333,2.0978401566476816
1003845742,f867fb96-d63d-11ea-8598-1c34dae33151,РЦ СБЛ СМР,Хранение от поставщика,21.16636455,2025-08-19 10:42:05.784,2766.0,4332.933654,4,10,34,2,0.49999999999999994,-0.8660254037844387,-0.7818314824680284,0.6234898018587354,0.23931566428755774,0.970941817426052,0,0,9.523721444334337,21.166364550000004,-11.642643105665668
1003863996,718f5685-c732-11ed-ae77-08c0eb320147,РЦ СБЛ РНД-2,Хранение от поставщика,5.64606395,2025-08-29 11:31:15.856,1536.0,5561.905152,1,11,35,5,0.258819045102521,-0.9659258262890682,-1.2246467991473533e-15,1.0,0.5680647467311558,0.8229838658936564,0,0,4.244825710553651,5.64606395,-1.4012382394463492
1003863869,718f5685-c732-11ed-ae77-08c0eb320147,РЦ СБЛ НСК,Хранение от поставщика,13.71148665,2025-09-02 02:18:17.155,9600.0,34350.354432,1,2,36,2,0.49999999999999994,0.8660254037844387,0.781831482468029,0.6234898018587345,0.23931566428755774,0.970941817426052,0,0,23.083738127965972,13.711486650000003,9.37225147796597
1003840292,a478fb2c-733c-11ea-bca4-0050560306e1,РЦ СБЛ НН,Хранение от поставщика,14.8031566,2025-08-19 15:52:13.462,2364.0,929.0712,1,15,34,2,-0.7071067811865471,-0.7071067811865479,-0.7818314824680284,0.6234898018587354,0.23931566428755774,0.970941817426052,0,0,7.7135931386304675,14.803156599999996,-7.089563461369528
1003583218,5c37154a-c40f-11ed-ae77-08c0eb320147,РЦ СБЛ ВЛГ-2 WMS,Хранение от поставщика,4.06637576666667,2025-04-07 09:45:32.802,1152.0,2034.997992,1,9,15,1,0.7071067811865476,-0.7071067811865475,0.7818314824680284,0.6234898018587354,0.12053668025532305,0.992708874098054,0,0,3.6450284475365082,4.0663757666666696,-0.4213473191301613
1003829150,67e22ba2-008a-11ee-885e-08c0eb32014b,РЦ СБЛ УФА-2,Хранение от поставщика,0.815101666666667,2025-08-17 10:37:20.046,6.0,11.49642,1,10,33,0,0.49999999999999994,-0.8660254037844387,-0.9749279121818234,-0.22252093395631553,0.0,1.0,0,0,2.3841868286808423,0.815101666666667,1.5690851620141752
1003822247,0bd913d9-4b82-11ec-85ad-1c34dae33151,РЦ СБЛ НСК,Кросс-док,35.0849378,2025-08-07 07:53:40.380,5262.0,12163.828341828,9,7,32,4,0.9659258262890683,-0.25881904510252063,-0.4338837391175571,-0.9009688679024196,0.4647231720437685,0.8854560256532099,0,0,24.75821268693166,35.0849378,-10.326725113068338
1003677891,875bbabf-ba1c-11eb-85ab-1c34dae33151,РЦ СБЛ ТМН,Хранение от поставщика,15.9140802666667,2025-05-23 08:09:05.492,5424.0,15191.256,2,8,21,5,0.8660254037844387,-0.49999999999999983,-7.347880794884119e-16,1.0,0.5680647467311558,0.8229838658936564,0,0,15.965969928538582,15.914080266666698,0.051889661871884485
1003573702,718f5685-c732-11ed-ae77-08c0eb320147,РЦ СБЛ ВЛГ-2 WMS,Хранение от поставщика,42.3797592333333,2025-04-08 07:53:48.446,6546.0,19040.469048,1,7,15,2,0.9659258262890683,-0.25881904510252063,0.7818314824680284,0.6234898018587354,0.23931566428755774,0.970941817426052,0,0,14.655225096337556,42.37975923333331,-27.724534136995754
1003890220,036140e6-3639-11f0-aa25-be3af2b6059f,РЦ СБЛ НСК,Хранение от поставщика,1.30302916666667,2025-09-09 08:23:26.476,1512.0,1033.95688704,1,8,37,2,0.8660254037844387,-0.49999999999999983,0.974927912181824,-0.22252093395631314,0.23931566428755774,0.970941817426052,0,0,2.766066441595264,1.30302916666667,1.4630372749285938
1003834378,875bbabf-ba1c-11eb-85ab-1c34dae33151,РЦ СБЛ РНД-2,Хранение от поставщика,2.2305378,2025-08-14 06:08:45.902,645.0,1073.25975,2,6,33,4,1.0,6.123233995736766e-17,-0.9749279121818234,-0.22252093395631553,0.4647231720437685,0.8854560256532099,0,0,2.2316795045715847,2.2305377999999996,0.0011417045715851337
1003862330,3cd9aeaa-76f8-11ee-8860-08c0eb32014b,РЦ СБЛ КСК,Кросс-док,18.4013163166667,2025-09-05 02:24:29.623,1384.0,994.058,2,2,36,5,0.49999999999999994,0.8660254037844387,0.781831482468029,0.6234898018587345,0.5680647467311558,0.8229838658936564,0,0,4.531612645676311,18.401316316666705,-13.869703670990393
1003878745,718f5685-c732-11ed-ae77-08c0eb320147,РЦ СБЛ НСК,Хранение от поставщика,20.8833840833333,2025-09-09 08:59:16.595,10672.0,33013.309992,1,8,37,2,0.8660254037844387,-0.49999999999999983,0.974927912181824,-0.22252093395631314,0.23931566428755774,0.970941817426052,0,0,26.192903169720903,20.883384083333304,5.309519086387599
1003705274,141f3c79-76a9-11eb-85a3-1c34dae33151,РЦ СБЛ НН,Хранение от поставщика,1.63103461666667,2025-06-13 12:22:45.757,1080.0,583.2,1,12,24,5,1.2246467991473532e-16,-1.0,0.4338837391175589,-0.9009688679024188,0.5680647467311558,0.8229838658936564,0,0,5.2120593661779555,1.6310346166666698,3.5810247495112857
1003703118,a478fb2c-733c-11ea-bca4-0050560306e1,РЦ СБЛ НН,Хранение от поставщика,6.7490687,2025-06-10 12:03:10.059,888.0,314.2296,1,12,24,2,1.2246467991473532e-16,-1.0,0.4338837391175589,-0.9009688679024188,0.23931566428755774,0.970941817426052,0,0,4.635611727000463,6.749068699999998,-2.1134569729995345
1003846990,9a44a5d4-6f14-11ed-b96e-08c0eb32008b,РЦ СБЛ ВЛГ-2 WMS,Кросс-док,2.67033973333333,2025-08-21 08:16:27.492,2328.0,1496.852784,1,8,34,4,0.8660254037844387,-0.49999999999999983,-0.7818314824680284,0.6234898018587354,0.4647231720437685,0.8854560256532099,0,0,4.386806582270339,2.6703397333333303,1.7164668489370083
1003904677,5c37154a-c40f-11ed-ae77-08c0eb320147,РЦ СБЛ ВРЖ Нечаевка,Хранение от поставщика,10.5842335833333,2025-09-17 12:30:57.435,2688.0,2997.71722464,2,12,38,3,1.2246467991473532e-16,-1.0,0.43388373911755934,-0.9009688679024186,0.3546048870425356,0.9350162426854148,0,0,6.478338167860969,10.5842335833333,-4.105895415472331
1003720679,4d0c5473-7955-11e9-80c5-0cc47a817925,РЦ СБЛ НН,Хранение от поставщика,1.46131945,2025-06-11 09:57:22.121,456.0,3556.6176,1,9,24,3,0.7071067811865476,-0.7071067811865475,0.4338837391175589,-0.9009688679024188,0.3546048870425356,0.9350162426854148,0,0,5.832048857400554,1.46131945,4.370729407400553
1003885639,a6ef32dc-76e3-11e9-80c5-0cc47a817925,РЦ СБЛ ВРЖ Нечаевка,Хранение от поставщика,20.0912329833333,2025-09-08 05:46:17.855,2268.0,34693.02144,2,5,37,1,0.9659258262890683,0.25881904510252074,0.974927912181824,-0.22252093395631314,0.12053668025532305,0.992708874098054,0,0,16.89804209357983,20.091232983333295,-3.193190889753467
1003782213,8d590545-fff9-11eb-a0ee-ec0d9a21b021,РЦ СБЛ ВЛГ-2 WMS,Хранение от поставщика,8.82718141666667,2025-07-16 09:53:14.288,2040.0,15606.0,1,9,29,3,0.7071067811865476,-0.7071067811865475,0.7818314824680291,0.6234898018587344,0.3546048870425356,0.9350162426854148,0,0,11.66997644355704,8.827181416666669,2.8427950268903714
1003884756,6876d873-0939-11ef-8861-08c0eb32014b,РЦ СБЛ КСК,Кросс-док,1.89038195,2025-09-12 11:04:29.359,432.0,140.4,1,11,37,5,0.258819045102521,-0.9659258262890682,0.974927912181824,-0.22252093395631314,0.5680647467311558,0.8229838658936564,0,0,2.824993104329615,1.89038195,0.9346111543296147
1003851542,141f3c79-76a9-11eb-85a3-1c34dae33151,РЦ СБЛ УФА-2,Хранение от поставщика,7.3810168,2025-08-31 05:44:08.449,6048.0,3265.92,1,5,35,0,0.9659258262890683,0.25881904510252074,-1.2246467991473533e-15,1.0,0.0,1.0,0,0,9.511494467652247,7.381016799999999,2.130477667652247
1003587503,718f5685-c732-11ed-ae77-08c0eb320147,РЦ СБЛ ВЛГ-2 WMS,Хранение от поставщика,18.2775788666667,2025-04-13 09:18:52.102,2680.0,9768.896512,1,9,15,0,0.7071067811865476,-0.7071067811865475,0.7818314824680284,0.6234898018587354,0.0,1.0,0,0,6.914435247452402,18.277578866666705,-11.363143619214302
